,11356055,5C49000,0.95,0,0,0,0,0,0,0,0,0,0,0,0,0,0,0,0,0,200
,11356010,5C50000,23.12,0,0,0,0,0,0,0,0,0,0,0,0,0,0,0,0,0,200
,11356011,5C52000,0,0,0,0,0,0,0,0,0,0,0,0,0,0,0,0,0,0,200
,11356012,5C53000,0,0,0,0,0,0,0,0,0,0,0,0,0,0,0,0,0,0,200
,11356003,5C56000,0,0,0,0,0,0,0,0,0,0,0,0,0,0,0,0,0,0,200
,11356005,5C57000,0,0,0,0,0,0,0,0,0,0,0,0,0,0,0,0,0,0,200
,11356004,5C58000,0,0,0,0,0,0,0,0,0,0,0,0,0,0,0,0,0,0,200
,11356002,5C62000,0.06,0,0,0,0,0,0,0,0,0,0,0,0,0,0,0,0,0,200
,11356008,5C63000,0,0,0,0,0,0,0,0,0,0,0,0,0,0,0,0,0,0,200
,11356052,5C64000,0.96,0,0,0,0,0,0,0,0,0,0,0,0,0,0,0,0,0,200
,11356053,5C65000,0.96,0,0,0,0,0,0,0,0,0,0,0,0,0,0,0,0,0,200
,11356006,5C66000,0,0,0,0,0,0,0,0,0,0,0,0,0,0,0,0,0,0,200
,11356054,5C67000,0,0,0,0,0,0,0,0,0,0,0,0,0,0,0,0,0,0,200
,11356051,5C68000,0.93,0,0,0,0,0,0,0,0,0,0,0,0,0,0,0,0,0,200
,11356044,5C75000,1.32,0,0,0,0,0,0,0,0,0,0,0,0,0,0,0,0,0,200
,11356046,5C76000,0,0,0,0,0,0,0,0,0,0,0,0,0,0,0,0,0,0,200
,11356045,5C77000,1.48,0,0,0,0,0,0,0,0,0,0,0,0,0,0,0,0,0,200
,11356047,5C78000,1.18,0,0,0,0,0,0,0,0,0,0,0,0,0,0,0,0,0,200
,11356048,5C82000,1.56,5520,0,5520,0,0,0,0,0,0,0,0,0,0,0,0,0,0,200
,11356018,5L50000,0,0,0,0,0,0,0,0,0,0,0,0,0,0,0,0,0,0,200
,11356013,5L52000,0,0,0,0,0,0,0,0,0,0,0,0,0,0,0,0,0,0,200
,11356014,5L57000,0,0,0,0,0,0,0,0,0,0,0,0,0,0,0,0,0,0,200
,11356007,5L63000,0,0,0,0,0,0,0,0,0,0,0,0,0,0,0,0,0,0,200
,11356009,5L66000,0,0,0,0,0,0,0,0,0,0,0,0,0,0,0,0,0,0,200
,11356049,5L75000,1.48,0,0,0,0,0,0,0,0,0,0,0,0,0,0,0,0,0,200
,11356050,5L77000,1.25,0,0,0,0,0,0,0,0,0,0,0,0,0,0,0,0,0,200
,11356024,5Q62000,0,0,0,0,0,0,0,0,0,0,0,0,0,0,0,0,0,0,200
,11336006,A000000,0,0,0,0,0,0,0,0,0,0,0,0,0,0,0,0,0,0,200
,11336220,A378000,1.23,2175,2422.36701,2170,2416.7983502068964,0,0,5,5.568659793103448,0,0,0,0,0,0,0,0,5.568659793103448,200
,11336221,A389000,1.16,1029,972.3528147,1180,1357.7484785626825,1150,1329.4,999,944.0043361373178,1150,0,0,0,0,1150,1329.4,944,0.004336137317750399,200
,11333201,A687000,0.96,0,0,0,0,0,0,0,0,0,0,0,0,0,0,0,0,0,200
,11334019,B1A1000,0.32,86825,27177.37154,86500,27075.642248315577,0,0,325,101.72929168442269,0,0,0,0,0,0,0,0,101.72929168442269,200
,11356017,B1C1000,0,0,0,0,0,0,0,0,0,0,0,0,0,0,0,0,0,0,200
,11356000,B1C3000,0,0,0,0,0,0,0,0,0,0,0,0,0,0,0,0,0,0,200
,11336010,B1F1000,0,0,0,0,0,0,0,0,0,0,0,0,0,0,0,0,0,0,200
,11336001,B1G1000,0,0,0,0,0,0,0,0,0,0,0,0,0,0,0,0,0,0,200
,11336002,B1G3000,0,0,0,0,0,0,0,0,0,0,0,0,0,0,0,0,0,0,200
,11336003,B1GD000,0,0,0,0,0,0,0,0,0,0,0,0,0,0,0,0,0,0,200
,11336008,B1L1000,0,0,0,0,0,0,0,0,0,0,0,0,0,0,0,0,0,0,200
,11337001,B1P1000,0.13,25342,11182.82922,25217,11003.669656725593,0,0,125,55.159563274406125,0,-25200,-3400,25200,3276,0,-124,0,55.159563274406125,200
,11334005,B1Q1000,0,0,0,0,0,0,0,0,0,0,0,0,0,0,0,0,0,0,200
,11334006,B1Q2000,0,0,0,0,0,0,0,0,0,0,0,0,0,0,0,0,0,0,200
,11334007,B1Q3000,0,120,0,120,0,0,0,0,0,0,0,0,0,0,0,0,0,0,200
,11334008,B1Q5000,0.4,92732,37120.77829,33000,13209.95647209162,0,0,59732,23910.82181790838,0,0,0,0,0,0,0,23910.82,0.001817908381781308,200
,11334003,B1Q8000,0,0,0,0,0,0,0,0,0,0,0,0,0,0,0,0,0,0,200
,11354024,B248000,0,0,0,0,0,0,0,0,0,0,0,0,0,0,0,0,0,0,200
,11354000,B250000,0,0,0,0,0,0,0,0,0,0,0,0,0,0,0,0,0,0,200
,11354001,B251000,0,0,0,0,0,0,0,0,0,0,0,0,0,0,0,0,0,0,200
,11354004,B252000,0,0,0,0,0,0,0,0,0,0,0,0,0,0,0,0,0,0,200
,11354005,B253000,0,0,0,0,0,0,0,0,0,0,0,0,0,0,0,0,0,0,200
,11354002,B254000,0,0,0,0,0,0,0,0,0,0,0,0,0,0,0,0,0,0,200
,11354006,B256000,0,0,0,0,0,0,0,0,0,0,0,0,0,0,0,0,0,0,200
,11354008,B257000,0,0,0,0,0,0,0,0,0,0,0,0,0,0,0,0,0,0,200
,11354007,B258000,0,0,0,0,0,0,0,0,0,0,0,0,0,0,0,0,0,0,200
,11354003,B259000,0,0,0,0,0,0,0,0,0,0,0,0,0,0,0,0,0,0,200
,11354010,B261000,0,0,0,0,0,0,0,0,0,0,0,0,0,0,0,0,0,0,200
,11354012,B262000,0,0,0,0,0,0,0,0,0,0,0,0,0,0,0,0,0,0,200
,11354013,B263000,0,0,0,0,0,0,0,0,0,0,0,0,0,0,0,0,0,0,200
,11354014,B268000,0,0,0,0,0,0,0,0,0,0,0,0,0,0,0,0,0,0,200
,11354016,B269000,0,0,0,0,0,0,0,0,0,0,0,0,0,0,0,0,0,0,200
,11354017,B271000,0,0,0,0,0,0,0,0,0,0,0,0,0,0,0,0,0,0,200
,11354018,B272000,0,0,0,0,0,0,0,0,0,0,0,0,0,0,0,0,0,0,200
,11354019,B273000,0,0,0,0,0,0,0,0,0,0,0,0,0,0,0,0,0,0,200
,11354020,B274000,0,0,0,0,0,0,0,0,0,0,0,0,0,0,0,0,0,0,200
,11354021,B275000,0,0,0,0,0,0,0,0,0,0,0,0,0,0,0,0,0,0,200
,11354022,B276000,0,0,0,0,0,0,0,0,0,0,0,0,0,0,0,0,0,0,200
,11354023,B277000,0,0,0,0,0,0,0,0,0,0,0,0,0,0,0,0,0,0,200
,11354035,B278000,0,0,0,0,0,0,0,0,0,0,0,0,0,0,0,0,0,0,200
,11354036,B281000,0,0,0,0,0,0,0,0,0,0,0,0,0,0,0,0,0,0,200
,11354037,B282000,0,0,0,0,0,0,0,0,0,0,0,0,0,0,0,0,0,0,200
,11354040,B283000,0,0,0,0,0,0,0,0,0,0,0,0,0,0,0,0,0,0,200
,11354039,B284000,0,0,0,0,0,0,0,0,0,0,0,0,0,0,0,0,0,0,200
,11336011,B2F1000,0.96,46001,43478.77239,18883,18848.69786564575,34560,33417.57,38638,36519.48452435425,11520,-34560,-32666.85,11520,11138.69,11520,11889.410000000003,36519.48,0.004524354248133022,200
,11336004,B2G3000,1.69,10726,-0.001762558,10700,-0.0017582855304866679,0,0,26,-0.00000427246951333209,0,0,0,0,0,0,0,0,-0.00000427246951333209,200
,11336013,B2G3M00,1.76,0,-0.002470896,5332,9384.32,0,0,2108,3710.077529104,7440,0,0,7440,13094.4,7440,13094.4,3710.08,-0.002470895999977074,200
,11336012,B2GM100,1.76,744,0,700,0,0,0,44,0,0,0,0,0,0,0,0,0,0,200
,11336014,B2GM300,0,0,0,0,0,0,0,0,0,0,0,0,0,0,0,0,0,0,200
,11334017,B2Q1000,0.33,63584,22055.77133,82368,18133.507926017235,138996,16901.42,27548,9555.743403982762,46332,0,0,-92664,-11267.94,46332,5633.479999999998,9555.75,-0.006596017237825436,200
,11354041,B571000,0,0,0,0,0,0,0,0,0,0,0,0,0,0,0,0,0,0,200
,11354042,B572000,0,0,0,0,0,0,0,0,0,0,0,0,0,0,0,0,0,0,200
,11354045,B573000,0,0,0,0,0,0,0,0,0,0,0,0,0,0,0,0,0,0,200
,11354047,B574000,0.29,0,0,0,0,0,0,0,0,0,0,0,0,0,0,0,0,0,200
,11354044,B575000,0,0,0,0,0,0,0,0,0,0,0,0,0,0,0,0,0,0,200
,11354046,B576000,0,0,0,0,0,0,0,0,0,0,0,0,0,0,0,0,0,0,200
,11354043,B577000,0,0,0,0,0,0,0,0,0,0,0,0,0,0,0,0,0,0,200
,11354048,B578000,0,0,0,0,0,0,0,0,0,0,0,0,0,0,0,0,0,0,200
,11354051,B581000,0.37,0,0,0,0,0,0,0,0,0,0,0,0,0,0,0,0,0,200
,11354052,B582000,0,0,0,0,0,0,0,0,0,0,0,0,0,0,0,0,0,0,200
,11354056,B583000,0,0,0,0,0,0,0,0,0,0,0,0,0,0,0,0,0,0,200
,11354058,B584000,0,0,0,0,0,0,0,0,0,0,0,0,0,0,0,0,0,0,200
,11354026,B750000,0,0,0,0,0,0,0,0,0,0,0,0,0,0,0,0,0,0,200
,11354030,B751000,0,0,0,0,0,0,0,0,0,0,0,0,0,0,0,0,0,0,200
,11354028,B752000,0,0,0,0,0,0,0,0,0,0,0,0,0,0,0,0,0,0,200
,11354027,B753000,0,0,0,0,0,0,0,0,0,0,0,0,0,0,0,0,0,0,200
,11354029,B754000,0.4,0,0,0,0,0,0,0,0,0,0,0,0,0,0,0,0,0,200
,11354034,B755000,0,0,0,0,0,0,0,0,0,0,0,0,0,0,0,0,0,0,200
,11354031,B756000,0.25,0,0,0,0,0,0,0,0,0,0,0,0,0,0,0,0,0,200
,11354032,B757000,0,0,0,0,0,0,0,0,0,0,0,0,0,0,0,0,0,0,200
,11354033,B758000,0,0,0,0,0,0,0,0,0,0,0,0,0,0,0,0,0,0,200
,11354025,B759000,0.4,0,0,0,0,0,0,0,0,0,0,0,0,0,0,0,0,0,200
,11354038,B762000,0,0,0,0,0,0,0,0,0,0,0,0,0,0,0,0,0,0,200
,11354050,B763000,0.37,0,0,0,0,0,0,0,0,0,0,0,0,0,0,0,0,0,200
,11354055,B764000,0,0,0,0,0,0,0,0,0,0,0,0,0,0,0,0,0,0,200
,11354053,B765000,0.25,0,0,0,0,0,0,0,0,0,0,0,0,0,0,0,0,0,200
,11354057,B767000,0,0,0,0,0,0,0,0,0,0,0,0,0,0,0,0,0,0,200
,11354054,B768000,0.25,0,0,0,0,0,0,0,0,0,0,0,0,0,0,0,0,0,200
,11338001,B8O1000,0.38,69984,1112.024216,107136,44130.8956712428,40320,15406.67,3168,50.338544757201646,40320,-80640,-3150,80640,30812.54,40320,43069.21,50.34,-0.0014552427983574034,200
,11338006,B8OC000,0.39,6904,2729.484499,6868,2715.2519610561994,0,0,36,14.232537943800697,0,0,0,0,0,0,0,0,14.232537943800697,200
,11334016,BAS3000,0,0,0,0,0,0,0,0,0,0,0,0,0,0,0,0,0,0,200
,11338005,BB12000,0.54,7909,190.8615305,20389,6946.7415305,12480,6755.88,0,0,12480,0,0,0,0,12480,6755.88,0,0,200
,11338004,BB80000,0.04,37624,6725.915375,37624,6725.915375,0,0,0,0,0,0,0,0,0,0,0,0,0,200
,11336009,BK4L000,0,2155,0,12900,0,0,0,55,0,10800,0,0,10800,0,10800,0,0,0,200
,11334012,BKW1000,0.19,40493,7693.67,14250,2707.5,0,0,26243,4986.17,0,-100800,-19152,100800,19152,0,0,4986.17,0,200
,11335801,BT17000,0,0,0,0,0,0,0,0,0,0,0,0,0,0,0,0,0,0,200
,11334013,BTH3000,0.03,18464,2089.720846,37159,2650.1549553896234,0,0,5,0.5658906103769498,18700,0,0,18700,561,18700,561,0,0.5658906103769498,200
,11334002,BVL2000,0,0,0,0,0,0,0,0,0,0,0,0,0,0,0,0,0,0,200
,11337003,BVO5000,0.29,91874,24082.8747,91530,23992.70219312319,0,0,344,90.17250687680955,0,0,0,0,0,0,0,0,90.17250687680955,200
,11357001,C126000,0,0,0,0,0,0,0,0,0,0,0,0,0,0,0,0,0,0,200
,11356100,C1C4000,0,0,0,0,0,0,0,0,0,0,0,0,0,0,0,0,0,0,200
,11336101,C1G1000,0,0,0,0,0,0,0,0,0,0,0,0,0,0,0,0,0,0,200
,11336103,C1GD000,0,0,0,0,0,0,0,0,0,0,0,0,0,0,0,0,0,0,200
,11336104,C1L1000,0,432404,20147.18781,391477,18240.258282290102,0,0,40927,1906.9295277098963,0,0,0,0,0,0,0,1906.94,-0.01047229010373485,200
,11337101,C1P1000,0,0,0,0,0,0,0,0,0,0,0,0,0,0,0,0,0,0,200
,11334101,C1Q1000,0.02,1029639,21458.57193,992900,20692.899229047267,0,0,36739,765.6727009527319,0,0,0,0,0,0,0,765.67,0.002700952731970574,200
,11334104,C1Q2000,0,0,0,0,0,0,0,0,0,0,0,0,0,0,0,0,0,0,200
,11334106,C1Q3000,0,90100,0,90000,0,0,0,100,0,0,0,0,0,0,0,0,0,0,200
,11334108,C1Q5000,0,0,0,0,0,0,0,0,0,0,0,0,0,0,0,0,0,0,200
,11334111,C1Q6000,0.02,834059,13556.49298,814050,13231.273939096636,0,0,20009,325.2190409033654,0,0,0,0,0,0,0,325.22,-0.000959096634630896,200
,11334105,C1Q8000,0,0,0,0,0,0,0,0,0,0,0,0,0,0,0,0,0,0,200
,11334113,C1QF000,0,42206,663.1494919,41500,652.0566723653036,0,0,706,11.09281953469649,0,0,0,0,0,0,0,0,11.09281953469649,200
,11354102,C5C1000,0.03,0,0,0,0,0,0,0,0,0,0,0,0,0,0,0,0,0,200
,11356101,C5C9000,0.06,0,0,0,0,0,0,0,0,0,0,0,0,0,0,0,0,0,200
,11354106,C5CP000,0,0,0,0,0,0,0,0,0,0,0,0,0,0,0,0,0,0,200
,11356102,C5G1000,0.06,0,0,0,0,0,0,0,0,0,0,0,0,0,0,0,0,0,200
,11338105,CB12000,0,15459,1812.597391,15459,1812.597391,0,0,0,0,0,0,0,0,0,0,0,0,0,200
,11338104,CB80000,0.05,7451,3976.79991,17051,4482.71991,9600,505.92,0,0,9600,0,0,0,0,9600,505.92,0,0,200
,11354100,CBMW000,0,0,0,0,0,0,0,0,0,0,0,0,0,0,0,0,0,0,200
,11354104,CED9000,0.03,0,0,0,0,0,0,0,0,0,0,0,0,0,0,0,0,0,200
,11338106,CFT3000,0,5469,928.294,5469,928.294,0,0,0,0,0,0,0,0,0,0,0,0,0,200
,11336106,CK4L000,0,0,0,0,0,0,0,0,0,0,0,0,0,0,0,0,0,0,200
,11336105,CKW1000,0.04,320430,10195.56876,290500,9243.244155603408,0,0,29930,952.324604396592,0,0,0,0,0,0,0,952.3299999999999,-0.005395603407919225,200
,11354101,CSBC000,0,0,0,0,0,0,0,0,0,0,0,0,0,0,0,0,0,0,200
,11334112,CSL3000,0,118336,12724.99846,115168,5753.705537864252,0,265.58,3168,340.6638311357491,0,-60000,-6896.209091,60000,0,0,-6630.629091,340.66999999999996,-0.0061688642508670455,200
,11354103,CSLX000,0,0,0,0,0,0,0,0,0,0,0,0,0,0,0,0,0,0,200
,11338102,CSP3000,0,0,0,0,0,0,0,0,0,0,0,0,0,0,0,0,0,0,200
,11334103,CSQ1000,0.04,3481,138.74,3481,138.74,0,0,0,0,0,0,0,0,0,0,0,0,0,200
,11334107,CSQ2000,0,268614,53041.30646,205110,40501.620794190174,0,0,63504,12539.685665809824,0,0,0,0,0,0,0,12539.69,-0.004334190176450647,200
,11334102,CVL1000,0.13,0,0,0,-59.100000000000364,0,0,0,0,0,60000,7740.9,-60000,-7800,0,-59.100000000000364,0,0,200
,11334114,CVO5000,0,118043,2267.909261,118000,2267.0831205408194,0,0,43,0.8261404591801291,0,0,0,0,0,0,0,0,0.8261404591801291,200
,11332008,D013000,6.15,12,73.76,12,73.76,0,0,0,0,0,0,0,0,0,0,0,0,0,200
,11332001,D024000,0,0,0,0,0,0,0,0,0,0,0,0,0,0,0,0,0,0,200
,11351001,D02C000,0,0,0,0,0,0,0,0,0,0,0,0,0,0,0,0,0,0,200
,11332006,D311000,27.52,211,5074.826399,195,4690.005439834123,0,0,16,384.82095916587673,0,-39,-1073.28,39,1073.28,0,0,384.82,0.0009591658767362787,200
,11332007,D316000,0,0,0,0,0,0,0,0,0,0,0,0,0,0,0,0,0,0,200
,11332009,D317000,0,0,0,0,0,0,0,0,0,0,0,0,0,0,0,0,0,0,200
,11331005,D421000,45.02,243,10932.20136,78,3511.9236655948553,311,14002.67,476,21422.947694405142,311,0,0,0,0,311,14002.67,21422.960000000006,-0.012305594864301383,200
,11331013,D424000,21.44,6,128.65,0,0,0,0,6,128.65,0,0,0,0,0,0,0,0,128.65,200
,11331014,D426000,0,0,0,0,0,0,0,0,0,0,0,0,0,0,0,0,0,0,200
,11331019,D427000,0,0,0,0,0,0,0,0,0,0,0,0,0,0,0,0,0,0,200
,11351000,D42C000,23.12,0,0,0,0,0,0,0,0,0,0,0,0,0,0,0,0,0,200
,11331018,D453000,22.34,43,960.69,0,-1.1368683772161603e-13,0,0,43,960.6900000000002,0,0,0,0,0,0,0,0,960.6900000000002,200
,11331027,D483000,43.76,277,12274.12429,266,11786.704191841154,0,0,11,487.4200981588448,0,0,0,0,0,0,0,0,487.4200981588448,200
,11331006,DI41100,58.96,526,28883.94449,587,33836.75888049671,910,52563.92,849,47502.808405503296,910,38,2086.672796,-38,-2194.97,910,52455.622795999996,47502.81,-0.0015944967017276213,200
,11331026,DT42100,52.46,335,17584.81574,299,15694.38343915344,945,49602.65,981,51493.08230084656,945,0,0,0,0,945,49602.65,51493.08,0.002300846557773184,200
,11331031,DT42400,44.84,4,179.36,4,179.36,0,0,0,0,0,0,0,0,0,0,0,0,0,200
,11334201,E000000,0.78,1875,1464.87,1870,1460.9636799999998,0,0,5,3.90632,0,0,0,0,0,0,0,0,3.90632,200
,11334255,E001000,0,0,0,0,0,0,0,0,0,0,0,0,0,0,0,0,0,0,200
,11334256,E002000,0,0,0,0,0,0,0,0,0,0,0,0,0,0,0,0,0,0,200
,11334271,E036000,0,0,0,0,0,0,0,0,0,0,0,0,0,0,0,0,0,0,200
,11364201,E042000,0,0,0,0,0,0,0,0,0,0,0,0,0,0,0,0,0,0,200
,11334212,E071000,1.87,0,10103.4,0,10103.4,0,0,0,0,0,0,0,0,0,0,0,0,0,200
,11334217,E077000,0,0,0,0,0,0,0,0,0,0,0,0,0,0,0,0,0,0,200
,11344201,E098000,1.12,4980,5488.119289,3375,3719.3579518825304,0,0,1605,1768.7613371174698,0,0,0,0,0,0,0,1768.7600000000002,0.0013371174695748778,200
,11334209,E151000,0,0,0,0,0,0,0,0,0,0,0,0,0,0,0,0,0,0,200
,11334275,E228000,0,0,0,0,0,0,0,0,0,0,0,0,0,0,0,0,0,0,200
,11354222,E248000,0,0,0,0,0,0,0,0,0,0,0,0,0,0,0,0,0,0,200
,11354201,E250000,0,0,0,0,0,0,0,0,0,0,0,0,0,0,0,0,0,0,200
,11354200,E251000,0,0,0,0,0,0,0,0,0,0,0,0,0,0,0,0,0,0,200
,11354204,E252000,0,0,0,0,0,0,0,0,0,0,0,0,0,0,0,0,0,0,200
,11354205,E253000,0,0,0,0,0,0,0,0,0,0,0,0,0,0,0,0,0,0,200
,11354206,E256000,0,0,0,0,0,0,0,0,0,0,0,0,0,0,0,0,0,0,200
,11354208,E257000,0,0,0,0,0,0,0,0,0,0,0,0,0,0,0,0,0,0,200
,11354207,E258000,0,0,0,0,0,0,0,0,0,0,0,0,0,0,0,0,0,0,200
,11354210,E261000,0,0,0,0,0,0,0,0,0,0,0,0,0,0,0,0,0,0,200
,11354211,E262000,0,0,0,0,0,0,0,0,0,0,0,0,0,0,0,0,0,0,200
,11354212,E263000,0,0,0,0,0,0,0,0,0,0,0,0,0,0,0,0,0,0,200
,11354213,E268000,0,0,0,0,0,0,0,0,0,0,0,0,0,0,0,0,0,0,200
,11354214,E269000,0,0,0,0,0,0,0,0,0,0,0,0,0,0,0,0,0,0,200
,11354215,E271000,0,0,0,0,0,0,0,0,0,0,0,0,0,0,0,0,0,0,200
,11354216,E272000,0,0,0,0,0,0,0,0,0,0,0,0,0,0,0,0,0,0,200
,11354217,E273000,0,0,0,0,0,0,0,0,0,0,0,0,0,0,0,0,0,0,200
,11354218,E274000,0,0,0,0,0,0,0,0,0,0,0,0,0,0,0,0,0,0,200
,11354219,E275000,0.44,0,0,0,0,0,0,0,0,0,0,0,0,0,0,0,0,0,200
,11354220,E276000,0,0,0,0,0,0,0,0,0,0,0,0,0,0,0,0,0,0,200
,11354221,E277000,0,0,0,0,0,0,0,0,0,0,0,0,0,0,0,0,0,0,200
,11354233,E278000,0,0,0,0,0,0,0,0,0,0,0,0,0,0,0,0,0,0,200
,11354235,E281000,0,0,0,0,0,0,0,0,0,0,0,0,0,0,0,0,0,0,200
,11354234,E282000,0,0,0,0,0,0,0,0,0,0,0,0,0,0,0,0,0,0,200
,11354239,E283000,0,0,0,0,0,0,0,0,0,0,0,0,0,0,0,0,0,0,200
,11354238,E284000,0,0,0,0,0,0,0,0,0,0,0,0,0,0,0,0,0,0,200
,11334294,E409000,1.22,319,367.3035401,300,345.42652673981195,0,0,19,21.87701336018809,0,0,0,0,0,0,0,0,21.87701336018809,200
,11334295,E410000,1.22,1400,1569.11,1400,1569.11,0,0,0,0,0,0,0,0,0,0,0,0,0,200
,11334296,E411000,1.22,1285,1448.13703,1058,1192.3182706147861,0,0,227,255.81875938521404,0,0,0,0,0,0,0,255.82,-0.0012406147859564953,200
,11334297,E412000,1.33,563,725.1129947,478,615.6376757843694,0,0,85,109.47531891563054,0,0,0,0,0,0,0,0,109.47531891563054,200
,11334298,E413000,1.17,990,1162.26,824,967.376,0,0,166,194.884,0,0,0,0,0,0,0,194.88,0.003999999999990678,200
,11334299,E414000,0.82,900,735.3,851,695.2669999999999,0,0,49,40.032999999999994,0,0,0,0,0,0,0,0,40.032999999999994,200
,11354236,E571000,0,0,0,0,0,0,0,0,0,0,0,0,0,0,0,0,0,0,200
,11354245,E572000,0,0,0,0,0,0,0,0,0,0,0,0,0,0,0,0,0,0,200
,11354244,E573000,0,0,0,0,0,0,0,0,0,0,0,0,0,0,0,0,0,0,200
,11354246,E574000,0.44,0,0,0,0,0,0,0,0,0,0,0,0,0,0,0,0,0,200
,11354241,E575000,0,0,0,0,0,0,0,0,0,0,0,0,0,0,0,0,0,0,200
,11354243,E576000,0.36,0,0,0,0,0,0,0,0,0,0,0,0,0,0,0,0,0,200
,11354240,E577000,0.44,0,0,0,0,0,0,0,0,0,0,0,0,0,0,0,0,0,200
,11354049,E578000,0,0,0,0,0,0,0,0,0,0,0,0,0,0,0,0,0,0,200
,11354247,E581000,0,0,0,0,0,0,0,0,0,0,0,0,0,0,0,0,0,0,200
,11354248,E582000,0,0,0,0,0,0,0,0,0,0,0,0,0,0,0,0,0,0,200
,11354251,E583000,0,0,0,0,0,0,0,0,0,0,0,0,0,0,0,0,0,0,200
,11344212,E618000,3.82,256,0,874,2917.0325409252673,4470,14918.98,2192,6461.527459074732,2810,0,0,-1660,-5540.42,2810,9378.56,6461.53,-0.002540925267567218,200
,11334276,E625000,0,0,0,0,0,0,0,0,0,0,0,0,0,0,0,0,0,0,200
,11334251,E627000,0,0,0,0,0,0,0,0,0,0,0,0,0,0,0,0,0,0,200
,11334250,E653000,0,0,0,0,0,0,0,0,0,0,0,0,0,0,0,0,0,0,200
,11334285,E671000,0,1559,0,1550,0,0,0,9,0,0,0,0,0,0,0,0,0,0,200
,11334284,E680000,0,0,0,0,0,0,0,0,0,0,0,0,0,0,0,0,0,0,200
,11334286,E681000,1.27,0,0,0,0,0,0,0,0,0,0,0,0,0,0,0,0,0,200
,11354224,E750000,0,0,0,0,0,0,0,0,0,0,0,0,0,0,0,0,0,0,200
,11354231,E751000,0,0,0,0,0,0,0,0,0,0,0,0,0,0,0,0,0,0,200
,11354226,E752000,0,0,0,0,0,0,0,0,0,0,0,0,0,0,0,0,0,0,200
,11354225,E753000,0,0,0,0,0,0,0,0,0,0,0,0,0,0,0,0,0,0,200
,11354227,E754000,0,0,0,0,0,0,0,0,0,0,0,0,0,0,0,0,0,0,200
,11354232,E755000,0,0,0,0,0,0,0,0,0,0,0,0,0,0,0,0,0,0,200
,11354230,E756000,0.47,0,0,0,0,0,0,0,0,0,0,0,0,0,0,0,0,0,200
,11354229,E757000,0,0,0,0,0,0,0,0,0,0,0,0,0,0,0,0,0,0,200
,11354228,E758000,0,0,0,0,0,0,0,0,0,0,0,0,0,0,0,0,0,0,200
,11354223,E759000,0.36,0,0,0,0,0,0,0,0,0,0,0,0,0,0,0,0,0,200
,11354237,E762000,0,0,0,0,0,0,0,0,0,0,0,0,0,0,0,0,0,0,200
,11356244,E763000,0.41,0,0,0,0,0,0,0,0,0,0,0,0,0,0,0,0,0,200
,11354250,E764000,0,0,0,0,0,0,0,0,0,0,0,0,0,0,0,0,0,0,200
,11354249,E765000,0.47,0,0,0,0,0,0,0,0,0,0,0,0,0,0,0,0,0,200
,11354254,E767000,0,0,0,0,0,0,0,0,0,0,0,0,0,0,0,0,0,0,200
,11354252,E768000,0.47,0,0,0,0,0,0,0,0,0,0,0,0,0,0,0,0,0,200
,11356026,ED54000,0,0,0,0,0,0,0,0,0,0,0,0,0,0,0,0,0,0,200
,11356015,ED71000,0,0,0,0,0,0,0,0,0,0,0,0,0,0,0,0,0,0,200
,11356016,ED72000,0,0,0,0,0,0,0,0,0,0,0,0,0,0,0,0,0,0,200
,11356022,ED73000,0,0,0,0,0,0,0,0,0,0,0,0,0,0,0,0,0,0,200
,11356023,ED74000,0,0,0,0,0,0,0,0,0,0,0,0,0,0,0,0,0,0,200
,11356019,ED75000,0,0,0,0,0,0,0,0,0,0,0,0,0,0,0,0,0,0,200
,11356020,ED76000,0,0,0,0,0,0,0,0,0,0,0,0,0,0,0,0,0,0,200
,11356021,ED77000,0,0,0,0,0,0,0,0,0,0,0,0,0,0,0,0,0,0,200
,11334516,EL15000,0.2,1650,328.9,1625,323.91666666666663,0,0,25,4.9833333333333325,0,0,0,0,0,0,0,0,4.9833333333333325,200
,11334517,EL16000,0.2,1850,378.0489529,1900,388.2664921675676,0,0,-50,-10.217539267567568,0,0,0,0,0,0,0,0,-10.217539267567568,200
,11334518,EL17000,0.11,1200,110.5624564,750,69.10153525,0,0,450,41.460921150000004,0,0,0,0,0,0,0,41.46,0.0009211500000034789,200
,11334519,EL18000,0.2,1850,290.345,1700,266.8035135135135,0,0,150,23.54148648648649,0,0,0,0,0,0,0,0,23.54148648648649,200
,11334520,EL19000,0.19,1221,226.2472328,1125,206.23875257985256,0,0,96,17.78848022014742,0,-2000,-382.22,2000,380,0,-2.2200000000000273,17.79,-0.0015197798525790063,200
,11334521,EL20000,0.07,1646,115.73849,1600,112.504,0,0,46,3.23449,0,0,0,0,0,0,0,0,3.23449,200
,11334522,EL21000,0.11,1212,146.1268739,700,84.39670934818481,0,0,512,61.73016455181518,0,0,0,0,0,0,0,61.73,0.0001645518151818237,200
,11334523,EL22000,0.18,1400,252,1300,234,0,0,100,18,0,0,0,0,0,0,0,0,18,200
,11334524,EL23000,0.2,1611,268.4764034,1350,224.98022631284914,0,0,261,43.49617708715083,0,0,0,0,0,0,0,43.5,-0.003822912849166471,200
,11334528,EL24000,0.11,1794,231.2431405,1750,225.57162534838352,0,0,44,5.671515151616499,0,0,0,0,0,0,0,0,5.671515151616499,200
,11334529,EL25000,0.11,1500,186.0121049,1200,148.80968392,0,0,300,37.20242098,0,0,0,0,0,0,0,0,37.20242098,200
,11334525,EL26000,0.11,2200,255.6078049,2500,290.4634146590909,0,0,-300,-34.8556097590909,0,0,0,0,0,0,0,0,-34.8556097590909,200
,11334530,EL27000,0.11,2300,272.8854167,2300,272.8854167,0,0,0,0,0,0,0,0,0,0,0,0,0,200
,11334526,EL28000,0.2,1750,302.0686016,1750,302.0686016,0,0,0,0,0,0,0,0,0,0,0,0,0,200
,11334531,EL30000,0,1650,296.618381,1650,296.618381,0,0,0,0,0,0,0,0,0,0,0,0,0,200
,11334527,EL31000,0.18,600,108,700,126,0,0,-100,-18,0,0,0,0,0,0,0,0,-18,200
,11334532,EL32000,0.2,2068,399.6458128,2000,386.5046545454545,0,0,68,13.141158254545454,0,0,0,0,0,0,0,0,13.141158254545454,200
,11334533,EL33000,0.11,900,85.49510337,1000,94.99455929999999,0,0,-100,-9.499455929999998,0,0,0,0,0,0,0,0,-9.499455929999998,200
,11334534,EL34000,0.18,655,117.9,650,117,0,0,5,0.9000000000000001,0,0,0,0,0,0,0,0,0.9000000000000001,200
,11344211,EL37000,0,1310,283.9037634,1325,287.154569851145,0,0,-15,-3.250806451145038,0,0,0,0,0,0,0,0,-3.250806451145038,200
,11334535,EL41000,0.19,2400,459.3374233,2100,401.9202453875,0,0,300,57.4171779125,0,0,0,0,0,0,0,57.42,-0.0028220875000002366,200
,11334537,EL42000,0,1000,204,1000,204,0,0,0,0,0,0,0,0,0,0,0,0,0,200
,11334538,EL43000,0.19,1200,236.2135008,1200,236.2135008,0,0,0,0,0,0,0,0,0,0,0,0,0,200
,11334539,EL44000,0,1000,204,875,178.5,0,0,125,25.5,0,0,0,0,0,0,0,25.5,0,200
,11334540,EL46000,0.2,1000,195,850,165.75,0,0,150,29.25,0,0,0,0,0,0,0,0,29.25,200
,11334541,EL47000,0.2,1000,195,1000,195,0,0,0,0,0,0,0,0,0,0,0,0,0,200
,11334542,EL48000,0.2,1000,195,1000,195,0,0,0,0,0,0,0,0,0,0,0,0,0,200
,11356031,EP50000,0,0,0,0,0,0,0,0,0,0,0,0,0,0,0,0,0,0,200
,11356032,EP52000,0,0,0,0,0,0,0,0,0,0,0,0,0,0,0,0,0,0,200
,11356033,EP54000,0,0,0,0,0,0,0,0,0,0,0,0,0,0,0,0,0,0,200
,11356039,EP73000,0,0,0,0,0,0,0,0,0,0,0,0,0,0,0,0,0,0,200
,11356025,EQ54000,0,0,0,0,0,0,0,0,0,0,0,0,0,0,0,0,0,0,200
,11356036,ES60000,0,0,0,0,0,0,0,0,0,0,0,0,0,0,0,0,0,0,200
,11356040,ES74000,0.95,0,0,0,0,0,0,0,0,0,0,0,0,0,0,0,0,0,200
,11356042,ES79000,0,0,0,0,0,0,0,0,0,0,0,0,0,0,0,0,0,0,200
,11356043,ES80000,0,0,0,0,0,0,0,0,0,0,0,0,0,0,0,0,0,0,200
,11356029,ET56000,0,0,0,0,0,0,0,0,0,0,0,0,0,0,0,0,0,0,200
,11356028,ET57000,0,0,0,0,0,0,0,0,0,0,0,0,0,0,0,0,0,0,200
,11356030,ET59000,0,0,0,0,0,0,0,0,0,0,0,0,0,0,0,0,0,0,200
,11356041,ET63000,0,0,0,0,0,0,0,0,0,0,0,0,0,0,0,0,0,0,200
,11356035,ET75000,0,0,0,0,0,0,0,0,0,0,0,0,0,0,0,0,0,0,200
,11356037,ET76000,0,0,0,0,0,0,0,0,0,0,0,0,0,0,0,0,0,0,200
,11356038,ET77000,0,0,0,0,0,0,0,0,0,0,0,0,0,0,0,0,0,0,200
,11334232,F000000,1.21,3026,3623.880957,2940,3520.888966814276,0,0,86,102.99199018572372,0,0,0,0,0,0,0,0,102.99199018572372,200
,11334208,F002000,0,0,0,0,0,0,0,0,0,0,0,0,0,0,0,0,0,0,200
,11334213,F065000,0,0,0,0,0,0,0,0,0,0,0,0,0,0,0,0,0,0,200
,11334211,F066000,0,0,0,0,0,0,0,0,0,0,0,0,0,0,0,0,0,0,200
,11334214,F067000,0,0,0,0,0,0,0,0,0,0,0,0,0,0,0,0,0,0,200
,11334225,F068000,2.14,0,7272.6,0,7272.6,0,0,0,0,0,0,0,0,0,0,0,0,0,200
,11334204,F069000,0,0,0,0,0,0,0,0,0,0,0,0,0,0,0,0,0,0,200
,11334215,F072000,0,0,0,0,0,0,0,0,0,0,0,0,0,0,0,0,0,0,200
,11334278,F093000,0,0,0,0,0,0,0,0,0,0,0,0,0,0,0,0,0,0,200
,11334279,F094000,0,0,0,0,0,0,0,0,0,0,0,0,0,0,0,0,0,0,200
,11334292,F097000,0.39,1975,772.067,1975,772.067,0,0,0,0,0,0,0,0,0,0,0,0,0,200
,11334009,F140000,0.92,5577,5108.533519,235,215.26006400663482,0,0,5342,4893.273454993365,0,0,0,0,0,0,0,4893.27,0.003454993364357506,200
,11334281,F141000,0.72,1091,789.7743595,1090,789.050459995417,0,0,1,0.7238995045829514,0,0,0,0,0,0,0,0,0.7238995045829514,200
,11334287,F142000,0.27,2725,734.03,2725,734.03,0,0,0,0,0,0,0,0,0,0,0,0,0,200
,11334293,F143000,1.02,248,253.96,245,250.88790322580647,0,0,3,3.0720967741935485,0,0,0,0,0,0,0,0,3.0720967741935485,200
,11344213,F290000,1.12,1659,454.1623792,1595,436.64194986377333,0,0,64,17.52042933622664,0,0,0,0,0,0,0,0,17.52042933622664,200
,11334010,F618000,1.02,0,0,0,0,0,0,0,0,0,0,0,0,0,0,0,0,0,200
,11334011,F619000,1.02,0,0,0,0,0,0,0,0,0,0,0,0,0,0,0,0,0,200
,11344210,F740000,1.66,1741,2888.319,1740,2886.66,0,0,1,1.659,0,0,0,0,0,0,0,0,1.659,200
,11334014,F805000,0,11735,0,8753,0,0,0,2982,0,0,0,0,0,0,0,0,0,0,200
,11334283,F806000,0,1200,0,9753,0,0,0,-8553,0,0,0,0,0,0,0,0,0,0,200
,11334018,F807000,0.35,1785,626.1063705,500,172.75230071428564,0,0,1285,450.72643478571433,0,-3458,-1212.927635,3458,1210.3,0,-2.627635000000055,450.73,-0.0035652142856861246,200
,11334015,F808000,0,0,0,0,0,0,0,0,0,0,0,0,0,0,0,0,0,0,200
,11334282,F809000,0,0,0,0,0,0,0,0,0,0,0,0,0,0,0,0,0,0,200
,11338201,F810000,0,3403,0,3326,0,0,0,77,0,0,0,0,0,0,0,0,0,0,200
,11338202,F811000,0,511,0,503,0,0,0,8,0,0,0,0,0,0,0,0,0,0,200
,11334290,F838000,0,6097,0,8775,0,0,0,1462,0,4140,0,0,4140,0,4140,0,0,0,200
,11334289,F839000,0,1763,0,2194,0,0,0,643,0,1074,0,0,1074,0,1074,0,0,0,200
,11334291,F840000,0,519,0,524,0,0,0,-5,0,0,0,0,0,0,0,0,0,0,200
,11334228,G000000,0,0,0,0,0,0,0,0,0,0,0,0,0,0,0,0,0,0,200
,11334243,G001000,0,0,0,0,0,0,0,0,0,0,0,0,0,0,0,0,0,0,200
,11334244,G002000,0,0,0,0,0,0,0,0,0,0,0,0,0,0,0,0,0,0,200
,11334277,G036000,0,0,0,0,0,0,0,0,0,0,0,0,0,0,0,0,0,0,200
,11334222,G056000,0,0,0,0,0,0,0,0,0,0,0,0,0,0,0,0,0,0,200
,11334220,G057000,0,0,0,0,0,0,0,0,0,0,0,0,0,0,0,0,0,0,200
,11334221,G058000,0,0,0,0,0,0,0,0,0,0,0,0,0,0,0,0,0,0,200
,11334219,G064000,0,0,0,0,0,0,0,0,0,0,0,0,0,0,0,0,0,0,200
,11334245,G071000,0,0,0,0,0,0,0,0,0,0,0,0,0,0,0,0,0,0,200
,11334216,G078000,0,0,0,0,0,0,0,0,0,0,0,0,0,0,0,0,0,0,200
,11334238,G225000,0,0,0,0,0,0,0,0,0,0,0,0,0,0,0,0,0,0,200
,11334239,G226000,0,0,0,0,0,0,0,0,0,0,0,0,0,0,0,0,0,0,200
,11334240,G227000,0,0,0,0,0,0,0,0,0,0,0,0,0,0,0,0,0,0,200
,11356218,G271000,0,0,0,0,0,0,0,0,0,0,0,0,0,0,0,0,0,0,200
,11356219,G272000,0,0,0,0,0,0,0,0,0,0,0,0,0,0,0,0,0,0,200
,11356221,G273000,0,0,0,0,0,0,0,0,0,0,0,0,0,0,0,0,0,0,200
,11356222,G274000,0,0,0,0,0,0,0,0,0,0,0,0,0,0,0,0,0,0,200
,11356223,G275000,0,0,0,0,0,0,0,0,0,0,0,0,0,0,0,0,0,0,200
,11356224,G276000,0,0,0,0,0,0,0,0,0,0,0,0,0,0,0,0,0,0,200
,11356225,G277000,0,0,0,0,0,0,0,0,0,0,0,0,0,0,0,0,0,0,200
,11356240,G560000,0.84,0,0,0,0,0,0,0,0,0,0,0,0,0,0,0,0,0,200
,11356242,G574000,0.67,0,0,0,0,0,0,0,0,0,0,0,0,0,0,0,0,0,200
,11356245,G579000,0,0,0,0,0,0,0,0,0,0,0,0,0,0,0,0,0,0,200
,11356246,G580000,0,0,0,0,0,0,0,0,0,0,0,0,0,0,0,0,0,0,200
,11334253,G628000,0,0,0,0,0,0,0,0,0,0,0,0,0,0,0,0,0,0,200
,11334252,G629000,0,0,0,0,0,0,0,0,0,0,0,0,0,0,0,0,0,0,200
,11334247,G650000,0,0,0,0,0,0,0,0,0,0,0,0,0,0,0,0,0,0,200
,11334249,G651000,0,0,0,0,0,0,0,0,0,0,0,0,0,0,0,0,0,0,200
,11334248,G652000,0,0,0,0,0,0,0,0,0,0,0,0,0,0,0,0,0,0,200
,11334259,G664000,0,0,0,0,0,0,0,0,0,0,0,0,0,0,0,0,0,0,200
,11356230,G754000,0,0,0,0,0,0,0,0,0,0,0,0,0,0,0,0,0,0,200
,11354242,GP54000,0,0,0,0,0,0,0,0,0,0,0,0,0,0,0,0,0,0,200
,11334229,H000000,0,0,0,0,0,0,0,0,0,0,0,0,0,0,0,0,0,0,200
,11334236,H062000,0,0,0,0,0,0,0,0,0,0,0,0,0,0,0,0,0,0,200
,11334230,H075000,0,0,0,0,0,0,0,0,0,0,0,0,0,0,0,0,0,0,200
,11334231,H076000,0,0,0,0,0,0,0,0,0,0,0,0,0,0,0,0,0,0,200
,11354202,H254000,0,0,0,0,0,0,0,0,0,0,0,0,0,0,0,0,0,0,200
,11354203,H259000,0,0,0,0,0,0,0,0,0,0,0,0,0,0,0,0,0,0,200
,11334237,H600000,0,0,0,0,0,0,0,0,0,0,0,0,0,0,0,0,0,0,200
,11336201,I000000,1.48,6418,9539.548151,6441,9503.048917356311,8821,13014.5,8798,13050.999233643692,8821,0,0,0,0,8821,13014.5,13051,-0.0007663563083042391,200
,11336209,I002000,0,0,0,0,0,0,0,0,0,0,0,0,0,0,0,0,0,0,200
,11336208,I067000,0,0,0,0,0,0,0,0,0,0,0,0,0,0,0,0,0,0,200
,11336206,I069000,0,0,0,0,0,0,0,0,0,0,0,0,0,0,0,0,0,0,200
,11336207,I072000,0,0,0,0,0,0,0,0,0,0,0,0,0,0,0,0,0,0,200
,11336202,I117000,0,0,0,0,0,0,0,0,0,0,0,0,0,0,0,0,0,0,200
,11336214,I140000,0.86,1683,1446.077246,1680,1443.4995681996436,0,0,3,2.5776778003565064,0,0,0,0,0,0,0,0,2.5776778003565064,200
,11336215,I141000,0.82,1299,1061.203291,1290,1053.850843256351,0,0,9,7.352447743648961,0,0,0,0,0,0,0,0,7.352447743648961,200
,11336217,I143000,0,0,0,0,0,0,0,0,0,0,0,0,0,0,0,0,0,0,200
,11336216,I235000,0,0,0,0,0,0,0,0,0,0,0,0,0,0,0,0,0,0,200
,11336226,I413000,1.28,1150,1472,1170,1497.6,0,0,-20,-25.6,0,0,0,0,0,0,0,0,-25.6,200
,11336218,I431000,1.46,900,1233.9525,955,1309.3607083333334,0,0,-55,-75.40820833333335,0,0,0,0,0,0,0,0,-75.40820833333335,200
,11336222,I438000,1.49,640,893.5570978,412,575.2273817087499,0,0,228,318.32971609125,0,0,0,0,0,0,0,318.33,-0.00028390874996375715,200
,11336223,I439000,1.49,640,898.1006135,652,914.940000003125,0,0,-12,-16.839386503125,0,0,0,0,0,0,0,0,-16.839386503125,200
,11336224,I440000,1.49,640,902.5063444,603,850.330196364375,0,0,37,52.176148035625,0,0,0,0,0,0,0,0,52.176148035625,200
,11346201,I481000,1.15,966,1112.832,953,1097.856,0,0,13,14.976000000000003,0,0,0,0,0,0,0,0,14.976000000000003,200
,11336227,I510000,1.41,322,848.4,325,856.3043478260869,0,0,-3,-7.904347826086957,0,0,0,0,0,0,0,0,-7.904347826086957,200
,11336219,I740000,1.9,1600,3033.6,880,1667.6799999999998,0,0,720,1365.12,0,200,379.2,-200,-380,0,-0.8000000000000114,1365.12,0,200
,11336210,J000000,0,0,0,0,0,0,0,0,0,0,0,0,0,0,0,0,0,0,200
,11336203,J153000,0,0,0,0,0,0,0,0,0,0,0,0,0,0,0,0,0,0,200
,11336204,J154000,0,0,0,0,0,0,0,0,0,0,0,0,0,0,0,0,0,0,200
,11336205,J155000,0,0,0,0,0,0,0,0,0,0,0,0,0,0,0,0,0,0,200
,11336211,J228000,0,0,0,0,0,0,0,0,0,0,0,0,0,0,0,0,0,0,200
,11356211,J250000,0,0,0,0,0,0,0,0,0,0,0,0,0,0,0,0,0,0,200
,11356220,J251000,0,0,0,0,0,0,0,0,0,0,0,0,0,0,0,0,0,0,200
,11356213,J252000,0,0,0,0,0,0,0,0,0,0,0,0,0,0,0,0,0,0,200
,11356212,J253000,0,0,0,0,0,0,0,0,0,0,0,0,0,0,0,0,0,0,200
,11356204,J256000,0,0,0,0,0,0,0,0,0,0,0,0,0,0,0,0,0,0,200
,11356206,J257000,0,0,0,0,0,0,0,0,0,0,0,0,0,0,0,0,0,0,200
,11356205,J258000,0,0,0,0,0,0,0,0,0,0,0,0,0,0,0,0,0,0,200
,11356202,J262000,0,0,0,0,0,0,0,0,0,0,0,0,0,0,0,0,0,0,200
,11356208,J263000,0,0,0,0,0,0,0,0,0,0,0,0,0,0,0,0,0,0,200
,11356200,J264000,0,0,0,0,0,0,0,0,0,0,0,0,0,0,0,0,0,0,200
,11356201,J265000,0,0,0,0,0,0,0,0,0,0,0,0,0,0,0,0,0,0,200
,11356207,J266000,0,0,0,0,0,0,0,0,0,0,0,0,0,0,0,0,0,0,200
,11356235,J278000,0,0,0,0,0,0,0,0,0,0,0,0,0,0,0,0,0,0,200
,11356237,J575000,0,0,0,0,0,0,0,0,0,0,0,0,0,0,0,0,0,0,200
,11356238,J576000,0,0,0,0,0,0,0,0,0,0,0,0,0,0,0,0,0,0,200
,11356239,J577000,0,0,0,0,0,0,0,0,0,0,0,0,0,0,0,0,0,0,200
,11336225,J618000,0,1150,0,2800,0,0,0,10,0,1660,0,0,1660,0,1660,0,0,0,200
,11356227,J756000,0,0,0,0,0,0,0,0,0,0,0,0,0,0,0,0,0,0,200
,11356229,J757000,0,0,0,0,0,0,0,0,0,0,0,0,0,0,0,0,0,0,200
,11356231,J759000,0,0,0,0,0,0,0,0,0,0,0,0,0,0,0,0,0,0,200
,11356243,J763000,0,0,0,0,0,0,0,0,0,0,0,0,0,0,0,0,0,0,200
,11356214,JL50000,0.84,0,0,0,0,0,0,0,0,0,0,0,0,0,0,0,0,0,200
,11356215,JL52000,0,0,0,0,0,0,0,0,0,0,0,0,0,0,0,0,0,0,200
,11356216,JL57000,0,0,0,0,0,0,0,0,0,0,0,0,0,0,0,0,0,0,200
,11356209,JL63000,0,0,0,0,0,0,0,0,0,0,0,0,0,0,0,0,0,0,200
,11356210,JL66000,0,0,0,0,0,0,0,0,0,0,0,0,0,0,0,0,0,0,200
,11356254,JL75000,0.77,0,0,0,0,0,0,0,0,0,0,0,0,0,0,0,0,0,200
,11356255,JL77000,0.84,0,0,0,0,0,0,0,0,0,0,0,0,0,0,0,0,0,200
,11356234,JP50000,0,0,0,0,0,0,0,0,0,0,0,0,0,0,0,0,0,0,200
,11356233,JP52000,0,0,0,0,0,0,0,0,0,0,0,0,0,0,0,0,0,0,200
,11356232,JP54000,0,0,0,0,0,0,0,0,0,0,0,0,0,0,0,0,0,0,200
,11356241,JP73000,0,0,0,0,0,0,0,0,0,0,0,0,0,0,0,0,0,0,200
,11356260,JQ49000,0.72,0,0,0,0,0,0,0,0,0,0,0,0,0,0,0,0,0,200
,11356228,JQ54000,0,0,0,0,0,0,0,0,0,0,0,0,0,0,0,0,0,0,200
,11356226,JQ62000,0,0,0,0,0,0,0,0,0,0,0,0,0,0,0,0,0,0,200
,11356256,JQ64000,0,0,0,0,0,0,0,0,0,0,0,0,0,0,0,0,0,0,200
,11356258,JQ65000,0.78,0,0,0,0,0,0,0,0,0,0,0,0,0,0,0,0,0,200
,11354253,JQ67000,0,0,0,0,0,0,0,0,0,0,0,0,0,0,0,0,0,0,200
,11356257,JQ68000,0.79,0,0,0,0,0,0,0,0,0,0,0,0,0,0,0,0,0,200
,11356249,JQ75000,0.77,0,0,0,0,0,0,0,0,0,0,0,0,0,0,0,0,0,200
,11356251,JQ76000,0,0,0,0,0,0,0,0,0,0,0,0,0,0,0,0,0,0,200
,11356250,JQ77000,0.84,0,0,0,0,0,0,0,0,0,0,0,0,0,0,0,0,0,200
,11356252,JQ78000,0.84,0,0,0,0,0,0,0,0,0,0,0,0,0,0,0,0,0,200
,11356253,JQ82000,0.96,0,0,0,0,0,0,0,0,0,0,0,0,0,0,0,0,0,200
,11337202,K068000,0,0,0,0,0,0,0,0,0,0,0,0,0,0,0,0,0,0,200
,11337201,K069000,0,0,0,0,0,0,0,0,0,0,0,0,0,0,0,0,0,0,200
,11334280,K159000,0,0,0,0,0,0,0,0,0,0,0,0,0,0,0,0,0,0,200
,11357600,K260000,0,0,0,0,0,0,0,0,0,0,0,0,0,0,0,0,0,0,200
,11338221,K333000,0.72,890,638.4937484,887,636.3415222817977,0,0,3,2.152226118202247,0,0,0,0,0,0,0,0,2.152226118202247,200
,11338222,K334000,0.89,228,208.3230134,226,206.49561854561404,0,0,2,1.827394854385965,0,0,0,0,0,0,0,0,1.827394854385965,200
,11337205,K352000,0.71,1440,1025.28,1450,1032.3999999999999,0,0,-10,-7.119999999999999,0,0,0,0,0,0,0,0,-7.119999999999999,200
,11334270,K359000,0.59,575,340.3013699,1135,671.7253127591305,0,0,-560,-331.4239428591304,0,0,0,0,0,0,0,0,-331.4239428591304,200
,11338223,K429000,0.9,714,700.1001422,648,635.3850030050421,0,0,66,64.71513919495798,0,0,0,0,0,0,0,0,64.71513919495798,200
,11337002,K700000,1.39,498,723.5545724,501,727.9133348843374,0,0,-3,-4.358762484337349,0,0,0,0,0,0,0,0,-4.358762484337349,200
,11338003,K701000,0,718,576.7393389,1178,1147.6832003958218,600,683.4,140,112.45613850417827,600,0,0,0,0,600,683.4,112.46000000000001,-0.0038614958217380035,200
,11338209,K812000,0,9343,0,9594,0,0,0,-251,0,0,0,0,0,0,0,0,0,0,200
,11338219,K813000,0,630,0,603,0,0,0,27,0,0,0,0,0,0,0,0,0,0,200
,11338210,K814000,0,2967,0,2497,0,0,0,470,0,0,0,0,0,0,0,0,0,0,200
,11338214,K815000,0,1720,0,1580,0,0,0,140,0,0,0,0,0,0,0,0,0,0,200
,11338212,K816000,0,33720,0,33600,0,0,0,120,0,0,0,0,0,0,0,0,0,0,200
,11338218,K817000,0,1847,0,1820,0,0,0,27,0,0,0,0,0,0,0,0,0,0,200
,11338215,K818000,0,486,0,387,0,0,0,99,0,0,0,0,0,0,0,0,0,0,200
,11338213,K819000,0,1992,0,2045,0,0,0,-53,0,0,0,0,0,0,0,0,0,0,200
,11338207,K820000,0,9355,0,9258,0,0,0,97,0,0,0,0,0,0,0,0,0,0,200
,11338203,K822000,0,3997,0,3593,0,0,0,404,0,0,0,0,0,0,0,0,0,0,200
,11338208,K823000,0,1164,0,1261,0,0,0,-97,0,0,0,0,0,0,0,0,0,0,200
,11338204,K825000,0,3968,0,3307,0,0,0,661,0,0,0,0,0,0,0,0,0,0,200
,11338205,K827000,0,4472,0,3856,0,0,0,616,0,0,0,0,0,0,0,0,0,0,200
,11338206,K830000,0,1269,0,1315,0,0,0,-46,0,0,0,0,0,0,0,0,0,0,200
,11338217,K832000,0,2162,0,1665,0,0,0,497,0,0,0,0,0,0,0,0,0,0,200
,11338216,K836000,0,34404,0,27150,0,0,0,7254,0,0,0,0,0,0,0,0,0,0,200
,11338211,K841000,0,2008,0,1932,0,0,0,76,0,0,0,0,0,0,0,0,0,0,200
,11338220,K842000,0,1565,0,1545,0,0,0,20,0,0,0,0,0,0,0,0,0,0,200
,11337209,KH59000,0,0,0,0,0,0,0,0,0,0,0,0,0,0,0,0,0,0,200
,11334301,L003000,0,0,0,0,0,0,0,0,0,0,0,0,0,0,0,0,0,0,200
,11334306,L004000,0,0,0,0,0,0,0,0,0,0,0,0,0,0,0,0,0,0,200
,11334303,L005000,0,0,0,0,0,0,0,0,0,0,0,0,0,0,0,0,0,0,200
,11334317,L006000,0,0,0,0,0,0,0,0,0,0,0,0,0,0,0,0,0,0,200
,11334307,L007000,0,0,0,0,0,0,0,0,0,0,0,0,0,0,0,0,0,0,200
,11334315,L009000,0,0,0,0,0,0,0,0,0,0,0,0,0,0,0,0,0,0,200
,11344301,L010000,0,0,0,0,0,0,0,0,0,0,0,0,0,0,0,0,0,0,200
,11334305,L011000,0,0,0,0,0,0,0,0,0,0,0,0,0,0,0,0,0,0,200
,11334304,L012000,0,0,0,0,0,0,0,0,0,0,0,0,0,0,0,0,0,0,200
,11334318,L013000,0,0,0,0,0,0,0,0,0,0,0,0,0,0,0,0,0,0,200
,11334351,L014000,0,0,0,0,0,0,0,0,0,0,0,0,0,0,0,0,0,0,200
,11334316,L018000,0,0,0,0,0,0,0,0,0,0,0,0,0,0,0,0,0,0,200
,11334328,L020000,0,0,0,0,0,0,0,0,0,0,0,0,0,0,0,0,0,0,200
,11344318,L021000,0,0,0,0,0,0,0,0,0,0,0,0,0,0,0,0,0,0,200
,11334365,L022000,0,0,0,0,0,0,0,0,0,0,0,0,0,0,0,0,0,0,200
,11334377,L023000,0,0,0,0,0,0,0,0,0,0,0,0,0,0,0,0,0,0,200
,11334378,L024000,0,0,0,0,0,0,0,0,0,0,0,0,0,0,0,0,0,0,200
,11334379,L025000,0,0,0,0,0,0,0,0,0,0,0,0,0,0,0,0,0,0,200
,11334383,L026000,0,0,0,0,0,0,0,0,0,0,0,0,0,0,0,0,0,0,200
,11334385,L027000,0,0,0,0,0,0,0,0,0,0,0,0,0,0,0,0,0,0,200
,11344300,L030000,0,0,0,0,0,0,0,0,0,0,0,0,0,0,0,0,0,0,200
,11344308,L034000,0,0,0,0,0,0,0,0,0,0,0,0,0,0,0,0,0,0,200
,11344314,L035000,0,0,0,0,0,0,0,0,0,0,0,0,0,0,0,0,0,0,200
,11344317,L038000,0,0,0,0,0,0,0,0,0,0,0,0,0,0,0,0,0,0,200
,11344312,L039000,0,0,0,0,0,0,0,0,0,0,0,0,0,0,0,0,0,0,200
,11344316,L040000,0,0,0,0,0,0,0,0,0,0,0,0,0,0,0,0,0,0,200
,11344319,L041000,0,0,0,0,0,0,0,0,0,0,0,0,0,0,0,0,0,0,200
,11364309,L042000,0,0,0,0,0,0,0,0,0,0,0,0,0,0,0,0,0,0,200
,11364310,L043000,0,0,0,0,0,0,0,0,0,0,0,0,0,0,0,0,0,0,200
,11364308,L044000,0,0,0,0,0,0,0,0,0,0,0,0,0,0,0,0,0,0,200
,11364312,L045000,0,0,0,0,0,0,0,0,0,0,0,0,0,0,0,0,0,0,200
,11364313,L046000,0,0,0,0,0,0,0,0,0,0,0,0,0,0,0,0,0,0,200
,11364314,L047000,0,0,0,0,0,0,0,0,0,0,0,0,0,0,0,0,0,0,200
,11364315,L048000,0,0,0,0,0,0,0,0,0,0,0,0,0,0,0,0,0,0,200
,11364321,L049000,0,0,0,0,0,0,0,0,0,0,0,0,0,0,0,0,0,0,200
,11334334,L056000,0,0,0,0,0,0,0,0,0,0,0,0,0,0,0,0,0,0,200
,11334335,L057000,0,0,0,0,0,0,0,0,0,0,0,0,0,0,0,0,0,0,200
,11334336,L058000,0,0,0,0,0,0,0,0,0,0,0,0,0,0,0,0,0,0,200
,11334344,L059000,0,0,0,0,0,0,0,0,0,0,0,0,0,0,0,0,0,0,200
,11334340,L060000,0,0,0,0,0,0,0,0,0,0,0,0,0,0,0,0,0,0,200
,11334339,L061000,0,0,0,0,0,0,0,0,0,0,0,0,0,0,0,0,0,0,200
,11334341,L062000,0,0,0,0,0,0,0,0,0,0,0,0,0,0,0,0,0,0,200
,11334337,L064000,0,0,0,0,0,0,0,0,0,0,0,0,0,0,0,0,0,0,200
,11334346,L066000,0,0,0,0,0,0,0,0,0,0,0,0,0,0,0,0,0,0,200
,11334342,L067000,0,0,0,0,0,0,0,0,0,0,0,0,0,0,0,0,0,0,200
,11334345,L068000,0,0,0,0,0,0,0,0,0,0,0,0,0,0,0,0,0,0,200
,11334309,L069000,0,0,0,0,0,0,0,0,0,0,0,0,0,0,0,0,0,0,200
,11334325,L075000,0,0,0,0,0,0,0,0,0,0,0,0,0,0,0,0,0,0,200
,11334326,L076000,0,0,0,0,0,0,0,0,0,0,0,0,0,0,0,0,0,0,200
,11334333,L079000,0,0,0,0,0,0,0,0,0,0,0,0,0,0,0,0,0,0,200
,11334331,L080000,0,0,0,0,0,0,0,0,0,0,0,0,0,0,0,0,0,0,200
,11334389,L083000,0,0,0,0,0,0,0,0,0,0,0,0,0,0,0,0,0,0,200
,11334366,L086000,0,0,0,0,0,0,0,0,0,0,0,0,0,0,0,0,0,0,200
,11334384,L087000,0,0,0,0,0,0,0,0,0,0,0,0,0,0,0,0,0,0,200
,11334386,L088000,0,0,0,0,0,0,0,0,0,0,0,0,0,0,0,0,0,0,200
,11344315,L090000,0,0,0,0,0,0,0,0,0,0,0,0,0,0,0,0,0,0,200
,11344313,L092000,0,0,0,0,0,0,0,0,0,0,0,0,0,0,0,0,0,0,200
,11364320,L095000,0,0,0,0,0,0,0,0,0,0,0,0,0,0,0,0,0,0,200
,11344342,L096000,0,0,0,0,0,0,0,0,0,0,0,0,0,0,0,0,0,0,200
,11344323,L122000,0,0,0,0,0,0,0,0,0,0,0,0,0,0,0,0,0,0,200
,11344324,L123000,0,0,0,0,0,0,0,0,0,0,0,0,0,0,0,0,0,0,200
,11364316,L124000,0,0,0,0,0,0,0,0,0,0,0,0,0,0,0,0,0,0,200
,11344349,L125000,0.07,5500,407.66,5500,407.66,0,0,0,0,0,0,0,0,0,0,0,0,0,200
,11344351,L130000,0.08,4500,342.63,4500,342.63,0,0,0,0,0,0,0,0,0,0,0,0,0,200
,11364301,L140000,0,171879,2242.774171,103500,1350.5263976314732,0,0,68379,892.2477733685267,0,0,0,0,0,0,0,892.25,-0.0022266314732632964,200
,11364318,L141000,0.08,4044,316.6272267,4044,316.6272267,0,0,0,0,0,0,0,0,0,0,0,0,0,200
,11344391,L142000,0.07,3750,272.74,3720,270.55808,0,0,30,2.18192,0,0,0,0,0,0,0,0,2.18192,200
,11364325,L143000,0,0,0,0,0,0,0,0,0,0,0,0,0,0,0,0,0,0,200
,11334323,L151000,0,0,0,0,0,0,0,0,0,0,0,0,0,0,0,0,0,0,200
,11344321,L156000,0,0,0,0,0,0,0,0,0,0,0,0,0,0,0,0,0,0,200
,11344320,L157000,0,0,0,0,0,0,0,0,0,0,0,0,0,0,0,0,0,0,200
,11344322,L158000,0,0,0,0,0,0,0,0,0,0,0,0,0,0,0,0,0,0,200
,11344327,L160000,0,0,0,0,0,0,0,0,0,0,0,0,0,0,0,0,0,0,200
,11344388,L161000,0.04,13705,571.38,13700,571.171543232397,0,0,5,0.20845676760306459,0,0,0,0,0,0,0,0,0.20845676760306459,200
,11344344,L165000,0,0,0,0,0,0,0,0,0,0,0,0,0,0,0,0,0,0,200
,11344309,L175000,0,0,0,0,0,0,0,0,0,0,0,0,0,0,0,0,0,0,200
,11344310,L176000,0,0,0,0,0,0,0,0,0,0,0,0,0,0,0,0,0,0,200
,11344311,L177000,0,0,0,0,0,0,0,0,0,0,0,0,0,0,0,0,0,0,200
,11334390,L224000,0.04,0,0,0,0,0,0,0,0,0,0,0,0,0,0,0,0,0,200
,11334372,L225000,0,0,0,0,0,0,0,0,0,0,0,0,0,0,0,0,0,0,200
,11334373,L226000,0,0,0,0,0,0,0,0,0,0,0,0,0,0,0,0,0,0,200
,11334374,L227000,0,0,0,0,0,0,0,0,0,0,0,0,0,0,0,0,0,0,200
,11334375,L228000,0,0,0,0,0,0,0,0,0,0,0,0,0,0,0,0,0,0,200
,11364335,L291000,0.06,12135,786.4905656,12135,786.4905656,0,0,0,0,0,0,0,0,0,0,0,0,0,200
,11364336,L292000,0.06,11852,769.3049024,11800,765.9296193317583,0,0,52,3.3752830682416466,0,0,0,0,0,0,0,0,3.3752830682416466,200
,11364344,L293000,0.09,5976,509.7528,5976,509.7528,0,0,0,0,0,0,0,0,0,0,0,0,0,200
,11344340,L327000,0,0,0,0,0,0,0,0,0,0,0,0,0,0,0,0,0,0,200
,11364307,L329000,0,0,0,0,0,0,0,0,0,0,0,0,0,0,0,0,0,0,200
,11364326,L338000,0,2352,106.8505442,2352,106.8505442,0,0,0,0,0,0,0,0,0,0,0,0,0,200
,11364327,L339000,0.04,2659,111.054667,2500,104.41394039112448,0,0,159,6.640726608875516,0,0,0,0,0,0,0,0,6.640726608875516,200
,11364328,L340000,0.05,5313,242.8452,5313,242.8452,0,0,0,0,0,0,0,0,0,0,0,0,0,200
,11364329,L341000,0.04,1305,52.5973,1305,52.5973,0,0,0,0,0,0,0,0,0,0,0,0,0,200
,11344395,L342000,0.04,6117,250.8191333,6117,250.8191333,0,0,0,0,0,0,0,0,0,0,0,0,0,200
,11344396,L343000,0,6671,302.2613356,6671,302.2613356,0,0,0,0,0,0,0,0,0,0,0,0,0,200
,11344397,L344000,0.04,4500,193.31,4500,193.31,0,0,0,0,0,0,0,0,0,0,0,0,0,200
,11364330,L345000,0.04,3191,128.6114822,3191,128.6114822,0,0,0,0,0,0,0,0,0,0,0,0,0,200
,11364331,L383000,0.06,1048,0.0000714,1048,0.0000714,0,0,0,0,0,0,0,0,0,0,0,0,0,200
,11334352,L402000,0,0,0,0,0,0,0,0,0,0,0,0,0,0,0,0,0,0,200
,11334353,L403000,0,0,0,0,0,0,0,0,0,0,0,0,0,0,0,0,0,0,200
,11334354,L404000,0,0,0,0,0,0,0,0,0,0,0,0,0,0,0,0,0,0,200
,11334355,L405000,0,0,0,0,0,0,0,0,0,0,0,0,0,0,0,0,0,0,200
,11334356,L406000,0,0,0,0,0,0,0,0,0,0,0,0,0,0,0,0,0,0,200
,11334357,L407000,0,0,0,0,0,0,0,0,0,0,0,0,0,0,0,0,0,0,200
,11344352,L409000,0.07,5503,348.2327319,5500,348.0428903234599,0,0,3,0.18984157654006906,0,0,0,0,0,0,0,0,0.18984157654006906,200
,11344353,L410000,0.02,4500,115.1312649,4500,115.1312649,0,0,0,0,0,0,0,0,0,0,0,0,0,200
,11344354,L411000,0,4616,211.728335,1867,85.63622215012998,0,0,2749,126.09211284987,0,0,0,0,0,0,0,126.09,0.0021128498700022647,200
,11344355,L412000,0.05,974,45.40113412,5474,270.40113412,0,0,0,0,4500,0,0,4500,225,4500,225,0,0,200
,11344356,L413000,0.05,0,0,4500,225,0,0,4500,225,9000,0,0,9000,450,9000,450,225,0,200
,11344357,L414000,0.03,5002,161.84,5002,161.84,0,0,0,0,0,0,0,0,0,0,0,0,0,200
,11344358,L415000,0.04,5300,205.2799043,5300,205.2799043,0,0,0,0,0,0,0,0,0,0,0,0,0,200
,11344659,L416000,0.04,5300,206.2244139,4750,184.8237671745283,0,0,550,21.400646725471695,0,0,0,0,0,0,0,0,21.400646725471695,200
,11344360,L417000,0.04,5620,233.2956444,2000,83.02336099644126,0,0,3620,150.27228340355873,0,0,0,0,0,0,0,150.27,0.00228340355872092,200
,11344361,L418000,0.02,11500,301.9372642,11800,309.81388848347825,0,0,-300,-7.876624283478261,0,0,0,0,0,0,0,0,-7.876624283478261,200
,11344362,L419000,0,3227,149.8762222,1028,47.74488888180973,0,0,2199,102.13133331819027,0,0,0,0,0,0,0,102.13,0.0013333181902766,200
,11344363,L420000,0.07,335,12.77987196,330,6.249127602388084,0,0,5,0.19074435761194028,0,4500,308.66,-4500,-315,0,-6.339999999999975,0,0.19074435761194028,200
,11344364,L421000,0.07,7104,388.7396398,2564,140.3052416170045,0,0,4540,248.43439818299552,0,0,0,0,0,0,0,248.43,0.004398182995515754,200
,11346305,L422000,0.03,6212,175.09,6212,175.09,0,0,0,0,0,0,0,0,0,0,0,0,0,200
,11346306,L423000,0.05,4632,216.16,2340,124.19999999999999,0,0,2292,106.96000000000001,0,-4500,-210,4500,225,0,15,106.96,1.4210854715202004e-14,200
,11344366,L424000,0.04,3198,128.8865067,3198,128.8865067,0,0,0,0,0,0,0,0,0,0,0,0,0,200
,11344367,L425000,0.05,6500,268.786132,6500,268.786132,0,0,0,0,0,0,0,0,0,0,0,0,0,200
,11346307,L426000,0.04,5000,194.021092,5000,194.021092,0,0,0,0,0,0,0,0,0,0,0,0,0,200
,11344368,L427000,0.04,5500,222.7366191,5500,222.7366191,0,0,0,0,0,0,0,0,0,0,0,0,0,200
,11346308,L428000,0.04,3090,108.3452607,3000,105.18957349514562,0,0,90,3.155687204854369,0,0,0,0,0,0,0,0,3.155687204854369,200
,11344369,L430000,0.03,4500,157.1631737,4500,157.1631737,0,0,0,0,0,0,0,0,0,0,0,0,0,200
,11344370,L432000,0.05,2391,111.58,2391,111.58,0,0,0,0,0,0,0,0,0,0,0,0,0,200
,11344371,L433000,0.05,4550,202.3216292,4500,200.09831459340657,0,0,50,2.2233146065934064,0,0,0,0,0,0,0,0,2.2233146065934064,200
,11344382,L434000,0.04,843,25.86275066,820,25.157124010913403,0,0,23,0.7056266490865954,0,0,0,0,0,0,0,0,0.7056266490865954,200
,11344389,L437000,0.04,3390,136.0519217,3390,136.0519217,0,0,0,0,0,0,0,0,0,0,0,0,0,200
,11344398,L441000,0.05,4600,211.3391304,1693,77.78198864504347,0,0,2907,133.55714175495652,0,0,0,0,0,0,0,133.56,-0.0028582450434839757,200
,11364337,L442000,0.07,4500,297.5,4500,297.5,0,0,0,0,0,0,0,0,0,0,0,0,0,200
,11364338,L443000,0.05,4500,208.66,4500,208.66,0,0,0,0,0,0,0,0,0,0,0,0,0,200
,11364339,L444000,0.07,4500,297.5,1665,110.07500000000002,0,0,2835,187.42499999999998,0,0,0,0,0,0,0,187.42,0.0049999999999954525,200
,11364340,L445000,0.07,4500,309.75,4500,309.75,0,0,0,0,0,0,0,0,0,0,0,0,0,200
,11364341,L446000,0.07,4500,311,4500,311,0,0,0,0,0,0,0,0,0,0,0,0,0,200
,11364342,L447000,0.07,4500,311,4500,311,0,0,0,0,0,0,0,0,0,0,0,0,0,200
,11364343,L448000,0.07,4500,311,4500,311,0,0,0,0,0,0,0,0,0,0,0,0,0,200
,11344399,L449000,0.08,4500,375,4500,390,0,0,0,0,0,4500,375,-4500,-360,0,15,0,0,200
,11344328,L473000,0,0,0,0,0,0,0,0,0,0,0,0,0,0,0,0,0,0,200
,11344329,L474000,0,0,0,0,0,0,0,0,0,0,0,0,0,0,0,0,0,0,200
,11344330,L475000,0,0,0,0,0,0,0,0,0,0,0,0,0,0,0,0,0,0,200
,11344331,L476000,0,0,0,0,0,0,0,0,0,0,0,0,0,0,0,0,0,0,200
,11344332,L477000,0,0,0,0,0,0,0,0,0,0,0,0,0,0,0,0,0,0,200
,11344335,L478000,0,0,0,0,0,0,0,0,0,0,0,0,0,0,0,0,0,0,200
,11344333,L485000,0,0,0,0,0,0,0,0,0,0,0,0,0,0,0,0,0,0,200
,11344334,L486000,0,0,0,0,0,0,0,0,0,0,0,0,0,0,0,0,0,0,200
,11344350,L521000,0,0,0,0,0,0,0,0,0,0,0,0,0,0,0,0,0,0,200
,11364322,L522000,0.06,3131,186.7467556,3131,186.7467556,0,0,0,0,0,0,0,0,0,0,0,0,0,200
,11364324,L523000,0,0,0,0,0,0,0,0,0,0,0,0,0,0,0,0,0,0,200
,11364323,L524000,0.06,24661,1464.992915,4411,262.03656575422724,0,0,20250,1202.9563492457728,0,0,0,0,0,0,0,1202.96,-0.003650754227237485,200
,11344385,L525000,0.11,1809,198.5,1809,198.5,0,0,0,0,0,0,0,0,0,0,0,0,0,200
,11344386,L526000,0.06,1452,82.55426667,1452,82.55426667,0,0,0,0,0,0,0,0,0,0,0,0,0,200
,11344387,L527000,0.11,1470,161.29,1470,161.29,0,0,0,0,0,0,0,0,0,0,0,0,0,200
,11344325,L599000,0.07,5700,404.71,0,0,0,0,5700,404.71,0,0,0,0,0,0,0,0,404.71,200
,11334367,L601000,0,0,0,0,0,0,0,0,0,0,0,0,0,0,0,0,0,0,200
,11334368,L602000,0.02,11300,264.83,0,0,0,0,11300,264.83,0,0,0,0,0,0,0,0,264.83,200
,11334369,L603000,0.02,4550,103.87,0,0,0,0,4550,103.87,0,0,0,0,0,0,0,0,103.87,200
,11334370,L604000,0,0,0,0,0,0,0,0,0,0,0,0,0,0,0,0,0,0,200
,11334371,L605000,0,0,0,0,0,0,0,0,0,0,0,0,0,0,0,0,0,0,200
,11334381,L606000,0,0,0,0,0,0,0,0,0,0,0,0,0,0,0,0,0,0,200
,11344307,L607000,0.02,2500,56.34,0,0,0,0,2500,56.34,0,0,0,0,0,0,0,0,56.34,200
,11364302,L619000,0,0,0,0,0,0,0,0,0,0,0,0,0,0,0,0,0,0,200
,11364303,L620000,0,0,0,0,0,0,0,0,0,0,0,0,0,0,0,0,0,0,200
,11364304,L621000,0,0,0,0,0,0,0,0,0,0,0,0,0,0,0,0,0,0,200
,11364305,L622000,0,0,0,0,0,0,0,0,0,0,0,0,0,0,0,0,0,0,200
,11364306,L624000,0.06,11947,771.79,5844,377.52915041432993,0,0,6103,394.26084958567003,0,0,0,0,0,0,0,394.26,0.0008495856700392324,200
,11334391,L625000,0.07,0,0,0,0,0,0,0,0,0,0,0,0,0,0,0,0,0,200
,11334398,L627000,0,0,0,0,0,0,0,0,0,0,0,0,0,0,0,0,0,0,200
,11334392,L628000,0,0,0,0,0,0,0,0,0,0,0,0,0,0,0,0,0,0,200
,11334393,L629000,0,0,0,0,0,0,0,0,0,0,0,0,0,0,0,0,0,0,200
,11364311,L638000,0,0,0,0,0,0,0,0,0,0,0,0,0,0,0,0,0,0,200
,11344341,L639000,0.05,255,12.4800954,255,12.4800954,0,0,0,0,0,0,0,0,0,0,0,0,0,200
,11364317,L641000,0,0,0,0,0,0,0,0,0,0,0,0,0,0,0,0,0,0,200
,11364319,L642000,0.02,20400,445.96,0,5.684341886080802e-14,0,0,20400,445.9599999999999,0,0,0,0,0,0,0,0,445.9599999999999,200
,11344326,L643000,0.02,7100,153.31,0,0,0,0,7100,153.31,0,0,0,0,0,0,0,0,153.31,200
,11334394,L650000,0,0,0,0,0,0,0,0,0,0,0,0,0,0,0,0,0,0,200
,11334395,L651000,0,0,0,0,0,0,0,0,0,0,0,0,0,0,0,0,0,0,200
,11334396,L652000,0,0,0,0,0,0,0,0,0,0,0,0,0,0,0,0,0,0,200
,11334397,L653000,0,0,0,0,0,0,0,0,0,0,0,0,0,0,0,0,0,0,200
,11344306,L664000,0,0,0,0,0,0,0,0,0,0,0,0,0,0,0,0,0,0,200
,11344338,L671000,0,0,0,0,0,0,0,0,0,0,0,0,0,0,0,0,0,0,200
,11344337,L680000,0,0,0,0,0,0,0,0,0,0,0,0,0,0,0,0,0,0,200
,11344339,L681000,0.07,0,0,0,0,0,0,0,0,0,0,0,0,0,0,0,0,0,200
,11344345,L710000,0,0,0,0,0,0,0,0,0,0,0,0,0,0,0,0,0,0,200
,11344346,L712000,0.04,0,0,0,0,0,0,0,0,0,0,0,0,0,0,0,0,0,200
,11344347,L714000,0,0,0,0,0,0,0,0,0,0,0,0,0,0,0,0,0,0,200
,11344348,L715000,0,0,0,0,0,0,0,0,0,0,0,0,0,0,0,0,0,0,200
,11344365,L719000,0.04,0,0,0,0,0,0,0,0,0,0,0,0,0,0,0,0,0,200
,11344372,L720F00,0.05,0,234.25,0,234.25,0,0,0,0,0,0,0,0,0,0,0,0,0,200
,11344373,L721F00,0.05,0,234.25,0,234.25,0,0,0,0,0,0,0,0,0,0,0,0,0,200
,11344374,L722F00,0.05,0,216,0,216,0,0,0,0,0,0,0,0,0,0,0,0,0,200
,11364332,L723000,0.07,5617,387.53,3600,248.3724408047,0,0,2017,139.15755919529997,0,0,0,0,0,0,0,0,139.15755919529997,200
,11344375,L725F00,0.05,0,450.25,0,450.25,0,0,0,0,0,0,0,0,0,0,0,0,0,200
,11344376,L726F00,0.05,0,216,0,216,0,0,0,0,0,0,0,0,0,0,0,0,0,200
,11344377,L727F00,0.05,0,234.25,0,234.25,0,0,0,0,0,0,0,0,0,0,0,0,0,200
,11364333,L728000,0.07,5862,386.9206667,3800,250.81858298532924,0,0,2062,136.10208371467078,0,0,0,0,0,0,0,0,136.10208371467078,200
,11344378,L730F00,0.05,0,1095,0,1150.5,0,0,0,0,0,27000,1405.5,-27000,-1350,0,55.5,0,0,200
,11344379,L731F00,0.05,0,0,0,0,0,0,0,0,0,0,0,0,0,0,0,0,0,200
,11344380,L732F00,0.05,0,0,0,0,0,0,0,0,0,0,0,0,0,0,0,0,0,200
,11344392,L733000,0.05,4860,233.66,4860,233.66,0,0,0,0,0,0,0,0,0,0,0,0,0,200
,11344393,L735000,0.04,5488,237.74,5488,237.74,0,0,0,0,0,0,0,0,0,0,0,0,0,200
,11344383,L736000,0.07,5580,388.87,5580,388.87,0,0,0,0,0,0,0,0,0,0,0,0,0,200
,11344390,L739000,0.07,2474,170.2936667,2474,170.2936667,0,0,0,0,0,0,0,0,0,0,0,0,0,200
,11344394,L741000,0.05,5757,314.38,5757,314.38,0,0,0,0,0,0,0,0,0,0,0,0,0,200
,11334399,L801000,0,0,0,0,0,0,0,0,0,0,0,0,0,0,0,0,0,0,200
,11335005,LP50000,0,3,0,0,0,0,0,3,0,0,0,0,0,0,0,0,0,0,200
,11335008,LT50000,0,0,0,0,0,0,0,0,0,0,0,0,0,0,0,0,0,0,200
,11335007,LT55000,0,0,0,0,0,0,0,0,0,0,0,0,0,0,0,0,0,0,200
,11335003,LT65000,190,97,14016.5,90,15735,60,11400,67,9681.5,60,0,0,0,0,60,11400,9681.5,0,200
,11335004,LT70000,180,46,8187.793426,19,2313.2869455,0,0,87,13179.6231505,60,110,16305.11667,-50,-9000,60,7305.116669999999,13179.619999999999,0.0031505000006291084,200
,11334401,M003000,0,0,0,0,0,0,0,0,0,0,0,0,0,0,0,0,0,0,200
,11334406,M004000,0,0,0,0,0,0,0,0,0,0,0,0,0,0,0,0,0,0,200
,11334403,M005000,0,0,0,0,0,0,0,0,0,0,0,0,0,0,0,0,0,0,200
,11334417,M006000,0,0,0,0,0,0,0,0,0,0,0,0,0,0,0,0,0,0,200
,11334407,M007000,0,0,0,0,0,0,0,0,0,0,0,0,0,0,0,0,0,0,200
,11334415,M009000,0,0,0,0,0,0,0,0,0,0,0,0,0,0,0,0,0,0,200
,11344401,M010000,0,0,0,0,0,0,0,0,0,0,0,0,0,0,0,0,0,0,200
,11334405,M011000,0,0,0,0,0,0,0,0,0,0,0,0,0,0,0,0,0,0,200
,11334404,M012000,0,0,0,0,0,0,0,0,0,0,0,0,0,0,0,0,0,0,200
,11334418,M013000,0,0,0,0,0,0,0,0,0,0,0,0,0,0,0,0,0,0,200
,11334451,M014000,0,0,0,0,0,0,0,0,0,0,0,0,0,0,0,0,0,0,200
,11334416,M018000,0,0,0,0,0,0,0,0,0,0,0,0,0,0,0,0,0,0,200
,11334428,M020000,0,0,0,0,0,0,0,0,0,0,0,0,0,0,0,0,0,0,200
,11344418,M021000,0,0,0,0,0,0,0,0,0,0,0,0,0,0,0,0,0,0,200
,11334465,M022000,0,0,0,0,0,0,0,0,0,0,0,0,0,0,0,0,0,0,200
,11334477,M023000,0,0,0,0,0,0,0,0,0,0,0,0,0,0,0,0,0,0,200
,11334478,M024000,0,0,0,0,0,0,0,0,0,0,0,0,0,0,0,0,0,0,200
,11334479,M025000,0,0,0,0,0,0,0,0,0,0,0,0,0,0,0,0,0,0,200
,11334483,M026000,0,0,0,0,0,0,0,0,0,0,0,0,0,0,0,0,0,0,200
,11334485,M027000,0,0,0,0,0,0,0,0,0,0,0,0,0,0,0,0,0,0,200
,11334400,M030000,0,0,0,0,0,0,0,0,0,0,0,0,0,0,0,0,0,0,200
,11344408,M034000,0,0,0,0,0,0,0,0,0,0,0,0,0,0,0,0,0,0,200
,11344414,M035000,0,0,0,0,0,0,0,0,0,0,0,0,0,0,0,0,0,0,200
,11344417,M038000,0,0,0,0,0,0,0,0,0,0,0,0,0,0,0,0,0,0,200
,11344412,M039000,0,0,0,0,0,0,0,0,0,0,0,0,0,0,0,0,0,0,200
,11344416,M040000,0,0,0,0,0,0,0,0,0,0,0,0,0,0,0,0,0,0,200
,11344419,M041000,0,0,0,0,0,0,0,0,0,0,0,0,0,0,0,0,0,0,200
,11364409,M042000,0,0,0,0,0,0,0,0,0,0,0,0,0,0,0,0,0,0,200
,11364410,M043000,0,0,0,0,0,0,0,0,0,0,0,0,0,0,0,0,0,0,200
,11364408,M044000,0,0,0,0,0,0,0,0,0,0,0,0,0,0,0,0,0,0,200
,11364412,M045000,0,0,0,0,0,0,0,0,0,0,0,0,0,0,0,0,0,0,200
,11364413,M046000,0,0,0,0,0,0,0,0,0,0,0,0,0,0,0,0,0,0,200
,11364414,M047000,0,0,0,0,0,0,0,0,0,0,0,0,0,0,0,0,0,0,200
,11364415,M048000,0,0,0,0,0,0,0,0,0,0,0,0,0,0,0,0,0,0,200
,11364421,M049000,0,0,0,0,0,0,0,0,0,0,0,0,0,0,0,0,0,0,200
,11334434,M056000,0,0,0,0,0,0,0,0,0,0,0,0,0,0,0,0,0,0,200
,11334435,M057000,0,0,0,0,0,0,0,0,0,0,0,0,0,0,0,0,0,0,200
,11334436,M058000,0,0,0,0,0,0,0,0,0,0,0,0,0,0,0,0,0,0,200
,11334444,M059000,0,0,0,0,0,0,0,0,0,0,0,0,0,0,0,0,0,0,200
,11334440,M060000,0,0,0,0,0,0,0,0,0,0,0,0,0,0,0,0,0,0,200
,11334439,M061000,0,0,0,0,0,0,0,0,0,0,0,0,0,0,0,0,0,0,200
,11334441,M062000,0,0,0,0,0,0,0,0,0,0,0,0,0,0,0,0,0,0,200
,11334437,M064000,0,0,0,0,0,0,0,0,0,0,0,0,0,0,0,0,0,0,200
,11334446,M066000,0,0,0,0,0,0,0,0,0,0,0,0,0,0,0,0,0,0,200
,11334442,M067000,0,0,0,0,0,0,0,0,0,0,0,0,0,0,0,0,0,0,200
,11334445,M068000,0,0,0,0,0,0,0,0,0,0,0,0,0,0,0,0,0,0,200
,11334409,M069000,0,0,0,0,0,0,0,0,0,0,0,0,0,0,0,0,0,0,200
,11334425,M075000,0,0,0,0,0,0,0,0,0,0,0,0,0,0,0,0,0,0,200
,11334426,M076000,0,0,0,0,0,0,0,0,0,0,0,0,0,0,0,0,0,0,200
,11334433,M079000,0,0,0,0,0,0,0,0,0,0,0,0,0,0,0,0,0,0,200
,11334431,M080000,0,0,0,0,0,0,0,0,0,0,0,0,0,0,0,0,0,0,200
,11334489,M083000,0,0,0,0,0,0,0,0,0,0,0,0,0,0,0,0,0,0,200
,11334466,M086000,0,0,0,0,0,0,0,0,0,0,0,0,0,0,0,0,0,0,200
,11334484,M087000,0,0,0,0,0,0,0,0,0,0,0,0,0,0,0,0,0,0,200
,11334486,M088000,0,0,0,0,0,0,0,0,0,0,0,0,0,0,0,0,0,0,200
,11344415,M090000,0,0,0,0,0,0,0,0,0,0,0,0,0,0,0,0,0,0,200
,11344413,M092000,0,0,0,0,0,0,0,0,0,0,0,0,0,0,0,0,0,0,200
,11364420,M095000,0,0,0,0,0,0,0,0,0,0,0,0,0,0,0,0,0,0,200
,11344442,M096000,0,0,0,0,0,0,0,0,0,0,0,0,0,0,0,0,0,0,200
,11344423,M122000,0,0,0,0,0,0,0,0,0,0,0,0,0,0,0,0,0,0,200
,11344424,M123000,0,0,0,0,0,0,0,0,0,0,0,0,0,0,0,0,0,0,200
,11364416,M124000,0,0,0,0,0,0,0,0,0,0,0,0,0,0,0,0,0,0,200
,11344449,M125000,0.07,5500,407.66,5500,407.66,0,0,0,0,0,0,0,0,0,0,0,0,0,200
,11344451,M130000,0.08,4450,338.82,4450,338.82,0,0,0,0,0,0,0,0,0,0,0,0,0,200
,11334423,M151000,0,0,0,0,0,0,0,0,0,0,0,0,0,0,0,0,0,0,200
,11344421,M156000,0,0,0,0,0,0,0,0,0,0,0,0,0,0,0,0,0,0,200
,11344420,M157000,0,0,0,0,0,0,0,0,0,0,0,0,0,0,0,0,0,0,200
,11344422,M158000,0,0,0,0,0,0,0,0,0,0,0,0,0,0,0,0,0,0,200
,11344427,M160000,0,0,0,0,0,0,0,0,0,0,0,0,0,0,0,0,0,0,200
,11344488,M161000,0.04,13705,571.38,13500,562.8332725282744,0,0,205,8.546727471725648,0,0,0,0,0,0,0,0,8.546727471725648,200
,11344444,M165000,0,0,0,0,0,0,0,0,0,0,0,0,0,0,0,0,0,0,200
,11344409,M175000,0,0,0,0,0,0,0,0,0,0,0,0,0,0,0,0,0,0,200
,11344410,M176000,0,0,0,0,0,0,0,0,0,0,0,0,0,0,0,0,0,0,200
,11344411,M177000,0,0,0,0,0,0,0,0,0,0,0,0,0,0,0,0,0,0,200
,11334490,M224000,0.04,0,0,0,0,0,0,0,0,0,0,0,0,0,0,0,0,0,200
,11334472,M225000,0,0,0,0,0,0,0,0,0,0,0,0,0,0,0,0,0,0,200
,11334473,M226000,0,0,0,0,0,0,0,0,0,0,0,0,0,0,0,0,0,0,200
,11334474,M227000,0,0,0,0,0,0,0,0,0,0,0,0,0,0,0,0,0,0,200
,11334475,M228000,0,0,0,0,0,0,0,0,0,0,0,0,0,0,0,0,0,0,200
,11364435,M291000,0.06,12125,785.8424481,12125,785.8424481,0,0,0,0,0,0,0,0,0,0,0,0,0,200
,11364436,M292000,0.06,11863,770.019754,11800,765.9304642333306,0,0,63,4.089289766669476,0,0,0,0,0,0,0,0,4.089289766669476,200
,11364444,M293000,0.09,5976,509.7528,4850,413.705,0,0,1126,96.0478,0,0,0,0,0,0,0,0,96.0478,200
,11344440,M327000,0,0,0,0,0,0,0,0,0,0,0,0,0,0,0,0,0,0,200
,11364407,M329000,0,0,0,0,0,0,0,0,0,0,0,0,0,0,0,0,0,0,200
,11364426,M338000,0,2352,106.8505442,2352,106.8505442,0,0,0,0,0,0,0,0,0,0,0,0,0,200
,11364427,M339000,0.04,2659,110.6318229,2659,110.6318229,0,0,0,0,0,0,0,0,0,0,0,0,0,200
,11364428,M340000,0.05,5313,242.8452,5313,242.8452,0,0,0,0,0,0,0,0,0,0,0,0,0,200
,11364429,M341000,0.04,2776,55.94256889,2776,55.94256889,0,0,0,0,0,0,0,0,0,0,0,0,0,200
,11344495,M342000,0.04,6333,249.7593511,6333,249.7593511,0,0,0,0,0,0,0,0,0,0,0,0,0,200
,11344496,M343000,0,6921,299.83592,6921,299.83592,0,0,0,0,0,0,0,0,0,0,0,0,0,200
,11344497,M344000,0.04,4500,161.74,4500,161.74,0,0,0,0,0,0,0,0,0,0,0,0,0,200
,11364430,M345000,0.04,3191,128.6114822,3191,128.6114822,0,0,0,0,0,0,0,0,0,0,0,0,0,200
,11364431,M383000,0.06,0,0,0,0,0,0,0,0,0,0,0,0,0,0,0,0,0,200
,11334452,M402000,0,0,0,0,0,0,0,0,0,0,0,0,0,0,0,0,0,0,200
,11334453,M403000,0,0,0,0,0,0,0,0,0,0,0,0,0,0,0,0,0,0,200
,11334454,M404000,0,0,0,0,0,0,0,0,0,0,0,0,0,0,0,0,0,0,200
,11334455,M405000,0,0,0,0,0,0,0,0,0,0,0,0,0,0,0,0,0,0,200
,11334456,M406000,0,0,0,0,0,0,0,0,0,0,0,0,0,0,0,0,0,0,200
,11334457,M407000,0,0,0,0,0,0,0,0,0,0,0,0,0,0,0,0,0,0,200
,11344452,M409000,0.07,5497,348.0010632,5497,348.0010632,0,0,0,0,0,0,0,0,0,0,0,0,0,200
,11344453,M410000,0.02,4500,115.1312649,4500,115.1312649,0,0,0,0,0,0,0,0,0,0,0,0,0,200
,11344454,M411000,0,4612,211.634615,1863,85.4890042812229,0,0,2749,126.14561071877709,0,0,0,0,0,0,0,126.15,-0.004389281222913155,200
,11344455,M412000,0.05,974,45.40113412,5474,270.40113412,0,0,0,0,4500,0,0,4500,225,4500,225,0,0,200
,11344456,M413000,0.05,0,0,4500,225,0,0,4500,225,9000,0,0,9000,450,9000,450,225,0,200
,11344457,M414000,0.03,5002,161.84,5002,161.84,0,0,0,0,0,0,0,0,0,0,0,0,0,200
,11344458,M415000,0.04,5300,205.3252993,5300,205.3252993,0,0,0,0,0,0,0,0,0,0,0,0,0,200
,11344459,M416000,0.04,6985,271.7882134,6985,271.7882134,0,0,0,0,0,0,0,0,0,0,0,0,0,200
,11344460,M417000,0.04,5620,233.2956444,2000,83.02336099644126,0,0,3620,150.27228340355873,0,0,0,0,0,0,0,150.27,0.00228340355872092,200
,11344461,M418000,0.02,11500,301.8997903,11800,309.77543700347826,0,0,-300,-7.875646703478261,0,0,0,0,0,0,0,0,-7.875646703478261,200
,11344462,M419000,0,3223,149.6904444,1024,47.55911109699038,0,0,2199,102.13133330300961,0,0,0,0,0,0,0,102.13,0.0013333030096163156,200
,11344463,M420000,0.07,4835,321.4622309,4835,321.4622309,0,0,0,0,0,0,0,0,0,0,0,0,0,200
,11344464,M421000,0.07,7104,382.1505109,2564,137.92707065703829,0,0,4540,244.2234402429617,0,0,0,0,0,0,0,244.22,0.003440242961687545,200
,11346404,M422000,0.03,6215,175.17,6215,175.17,0,0,0,0,0,0,0,0,0,0,0,0,0,200
,11346405,M423000,0.05,4632,215.3198933,2340,108.77559376554403,0,0,2292,106.54429953445596,0,0,0,0,0,0,0,106.54,0.00429953445595288,200
,11344466,M424000,0.04,3198,128.8865067,3198,128.8865067,0,0,0,0,0,0,0,0,0,0,0,0,0,200
,11344467,M425000,0.05,11000,455.5218121,11000,455.5218121,0,0,0,0,0,0,0,0,0,0,0,0,0,200
,11346406,M426000,0.04,5000,194.0170213,5000,194.0170213,0,0,0,0,0,0,0,0,0,0,0,0,0,200
,11344468,M427000,0.04,5500,222.6797744,5500,222.6797744,0,0,0,0,0,0,0,0,0,0,0,0,0,200
,11346407,M428000,0.04,3091,108.3782638,3000,105.1875740537043,0,0,91,3.190689746295697,0,0,0,0,0,0,0,0,3.190689746295697,200
,11344469,M430000,0.03,4500,157.1631737,4500,157.1631737,0,0,0,0,0,0,0,0,0,0,0,0,0,200
,11344470,M432000,0.05,2955,137.9,3000,140,0,0,-45,-2.1,0,0,0,0,0,0,0,0,-2.1,200
,11344471,M433000,0.05,4550,202.1888021,4500,199.96694713186812,0,0,50,2.2218549681318684,0,0,0,0,0,0,0,0,2.2218549681318684,200
,11344482,M434000,0.04,843,32.44993564,820,31.564587455278765,0,0,23,0.8853481847212338,0,0,0,0,0,0,0,0,0.8853481847212338,200
,11344489,M437000,0.04,3690,148.1048666,3690,148.1048666,0,0,0,0,0,0,0,0,0,0,0,0,0,200
,11344498,M441000,0.05,4600,211.3494705,1693,77.78579425141305,0,0,2907,133.56367624858694,0,0,0,0,0,0,0,133.56,0.0036762485869417105,200
,11364437,M442000,0.07,4500,297.5,4500,297.5,0,0,0,0,0,0,0,0,0,0,0,0,0,200
,11364438,M443000,0.05,4500,208.66,4500,208.66,0,0,0,0,0,0,0,0,0,0,0,0,0,200
,11364439,M444000,0.07,4500,297.5,1665,110.07500000000002,0,0,2835,187.42499999999998,0,0,0,0,0,0,0,187.42,0.0049999999999954525,200
,11364440,M445000,0.07,4500,309.75,4500,309.75,0,0,0,0,0,0,0,0,0,0,0,0,0,200
,11364441,M446000,0.07,4500,311,4500,311,0,0,0,0,0,0,0,0,0,0,0,0,0,200
,11364442,M447000,0.07,4500,311,4500,311,0,0,0,0,0,0,0,0,0,0,0,0,0,200
,11364443,M448000,0.07,4500,311,4500,311,0,0,0,0,0,0,0,0,0,0,0,0,0,200
,11344499,M449000,0,4500,0,4500,0,0,0,0,0,0,0,0,0,0,0,0,0,0,200
,11344428,M473000,0,0,0,0,0,0,0,0,0,0,0,0,0,0,0,0,0,0,200
,11344429,M474000,0,0,0,0,0,0,0,0,0,0,0,0,0,0,0,0,0,0,200
,11344430,M475000,0,0,0,0,0,0,0,0,0,0,0,0,0,0,0,0,0,0,200
,11344431,M476000,0,0,0,0,0,0,0,0,0,0,0,0,0,0,0,0,0,0,200
,11344432,M477000,0,0,0,0,0,0,0,0,0,0,0,0,0,0,0,0,0,0,200
,11344435,M478000,0,0,0,0,0,0,0,0,0,0,0,0,0,0,0,0,0,0,200
,11344433,M485000,0,0,0,0,0,0,0,0,0,0,0,0,0,0,0,0,0,0,200
,11344434,M486000,0,0,0,0,0,0,0,0,0,0,0,0,0,0,0,0,0,0,200
,11344450,M521000,0,0,0,0,0,0,0,0,0,0,0,0,0,0,0,0,0,0,200
,11364422,M522000,0.06,3176,189.4307556,3176,189.4307556,0,0,0,0,0,0,0,0,0,0,0,0,0,200
,11364424,M523000,0,0,0,0,0,0,0,0,0,0,0,0,0,0,0,0,0,0,200
,11364423,M524000,0.06,24661,1464.992915,4411,262.03656575422724,0,0,20250,1202.9563492457728,0,0,0,0,0,0,0,1202.96,-0.003650754227237485,200
,11344485,M525000,0.11,1809,198.5,1809,198.5,0,0,0,0,0,0,0,0,0,0,0,0,0,200
,11344486,M526000,0.06,1448,82.32684444,1448,82.32684444,0,0,0,0,0,0,0,0,0,0,0,0,0,200
,11344487,M527000,0.11,1470,161.29,1470,161.29,0,0,0,0,0,0,0,0,0,0,0,0,0,200
,11344425,M599000,0.07,5700,404.71,5700,404.71,0,0,0,0,0,0,0,0,0,0,0,0,0,200
,11334467,M601000,0,0,0,0,0,0,0,0,0,0,0,0,0,0,0,0,0,0,200
,11334468,M602000,0.02,11300,264.89,11300,264.89,0,0,0,0,0,0,0,0,0,0,0,0,0,200
,11334469,M603000,0.02,4000,91.22,4000,91.22,0,0,0,0,0,0,0,0,0,0,0,0,0,200
,11334470,M604000,0,0,0,0,0,0,0,0,0,0,0,0,0,0,0,0,0,0,200
,11334471,M605000,0,0,0,0,0,0,0,0,0,0,0,0,0,0,0,0,0,0,200
,11334481,M606000,0,0,0,0,0,0,0,0,0,0,0,0,0,0,0,0,0,0,200
,11344407,M607000,0.02,2500,56.34,2500,56.34,0,0,0,0,0,0,0,0,0,0,0,0,0,200
,11364402,M619000,0,0,0,0,0,0,0,0,0,0,0,0,0,0,0,0,0,0,200
,11364403,M620000,0,0,0,0,0,0,0,0,0,0,0,0,0,0,0,0,0,0,200
,11364404,M621000,0,0,0,0,0,0,0,0,0,0,0,0,0,0,0,0,0,0,200
,11364405,M622000,0,0,0,0,0,0,0,0,0,0,0,0,0,0,0,0,0,0,200
,11364406,M624000,0.06,11947,770.6,5859,377.91457269607434,0,0,6088,392.6854273039257,0,0,0,0,0,0,0,392.69,-0.004572696074319538,200
,11334491,M625000,0,0,0,0,0,0,0,0,0,0,0,0,0,0,0,0,0,0,200
,11334498,M627000,0,0,0,0,0,0,0,0,0,0,0,0,0,0,0,0,0,0,200
,11334492,M628000,0,0,0,0,0,0,0,0,0,0,0,0,0,0,0,0,0,0,200
,11334493,M629000,0,0,0,0,0,0,0,0,0,0,0,0,0,0,0,0,0,0,200
,11364411,M638000,0,0,0,0,0,0,0,0,0,0,0,0,0,0,0,0,0,0,200
,11344441,M639000,0.05,0,0,0,0,0,0,0,0,0,0,0,0,0,0,0,0,0,200
,11364417,M641000,0,0,0,0,0,0,0,0,0,0,0,0,0,0,0,0,0,0,200
,11364419,M642000,0.02,20250,443.53,20250,443.53,0,0,0,0,0,0,0,0,0,0,0,0,0,200
,11344426,M643000,0.02,7100,153.31,7100,153.31,0,0,0,0,0,0,0,0,0,0,0,0,0,200
,11334494,M650000,0,0,0,0,0,0,0,0,0,0,0,0,0,0,0,0,0,0,200
,11334495,M651000,0,0,0,0,0,0,0,0,0,0,0,0,0,0,0,0,0,0,200
,11334496,M652000,0,0,0,0,0,0,0,0,0,0,0,0,0,0,0,0,0,0,200
,11334497,M653000,0,0,0,0,0,0,0,0,0,0,0,0,0,0,0,0,0,0,200
,11344406,M664000,0,0,0,0,0,0,0,0,0,0,0,0,0,0,0,0,0,0,200
,11344438,M671000,0,0,0,0,0,0,0,0,0,0,0,0,0,0,0,0,0,0,200
,11344437,M680000,0,0,0,0,0,0,0,0,0,0,0,0,0,0,0,0,0,0,200
,11344439,M681000,0.07,0,0,0,0,0,0,0,0,0,0,0,0,0,0,0,0,0,200
,11344445,M710000,0,0,0,0,0,0,0,0,0,0,0,0,0,0,0,0,0,0,200
,11344446,M712000,0.04,0,0,0,0,0,0,0,0,0,0,0,0,0,0,0,0,0,200
,11344447,M714000,0,0,0,0,0,0,0,0,0,0,0,0,0,0,0,0,0,0,200
,11344448,M715000,0,0,0,0,0,0,0,0,0,0,0,0,0,0,0,0,0,0,200
,11344465,M719000,0.04,0,0,0,0,0,0,0,0,0,0,0,0,0,0,0,0,0,200
,11344472,M720F00,0.05,4500,234.25,4500,234.25,0,0,0,0,0,0,0,0,0,0,0,0,0,200
,11344473,M721F00,0.05,4500,234.25,4500,234.25,0,0,0,0,0,0,0,0,0,0,0,0,0,200
,11344474,M722F00,0.05,9000,216,9000,216,0,0,0,0,0,0,0,0,0,0,0,0,0,200
,11364432,M723000,0.07,5617,387.53,5000,344.9617233398611,0,0,617,42.56827666013886,0,0,0,0,0,0,0,0,42.56827666013886,200
,11344475,M725F00,0.05,0,450.25,0,450.25,0,0,0,0,0,0,0,0,0,0,0,0,0,200
,11344476,M726F00,0.05,0,216,0,216,0,0,0,0,0,0,0,0,0,0,0,0,0,200
,11344477,M727F00,0.05,0,234.25,0,234.25,0,0,0,0,0,0,0,0,0,0,0,0,0,200
,11364433,M728000,0.07,5862,386.9206667,5850,386.12860801688845,0,0,12,0.7920586831115661,0,0,0,0,0,0,0,0,0.7920586831115661,200
,11344478,M730F00,0.05,0,1095,0,1150.5,0,0,0,0,0,27000,1405.5,-27000,-1350,0,55.5,0,0,200
,11344479,M731F00,0.05,0,0,0,0,0,0,0,0,0,0,0,0,0,0,0,0,0,200
,11344480,M732F00,0.05,0,0,0,0,0,0,0,0,0,0,0,0,0,0,0,0,0,200
,11344492,M733000,0.05,4858,233.51,4500,216.30197612186083,0,0,358,17.20802387813915,0,0,0,0,0,0,0,0,17.20802387813915,200
,11344493,M735000,0.04,5488,237.74,5488,237.74,0,0,0,0,0,0,0,0,0,0,0,0,0,200
,11344483,M736000,0.07,5580,388.87,5580,388.87,0,0,0,0,0,0,0,0,0,0,0,0,0,200
,11344490,M739000,0.07,2474,170.2936667,2474,170.2936667,0,0,0,0,0,0,0,0,0,0,0,0,0,200
,11344494,M741000,0.05,5757,314.38,5757,314.38,0,0,0,0,0,0,0,0,0,0,0,0,0,200
,11334499,M801000,0,0,0,0,0,0,0,0,0,0,0,0,0,0,0,0,0,0,200
,11333005,MP51000,0,0,0,0,0,0,0,0,0,0,0,0,0,0,0,0,0,0,200
,11333006,MP52000,4.87,0,0,0,0,0,0,0,0,0,0,0,0,0,0,0,0,0,200
,11333008,MP53000,0,0,0,0,0,0,0,0,0,0,0,0,0,0,0,0,0,0,200
,11333012,MP54000,0,0,0,0,0,0,0,0,0,0,0,0,0,0,0,0,0,0,200
,11333013,MP55000,0,613,6938.141385,618,6994.733076557912,0,0,-5,-56.59169155791191,0,0,0,0,0,0,0,0,-56.59169155791191,200
,11351312,N240000,0,0,0,0,0,0,0,0,0,0,0,0,0,0,0,0,0,0,200
,11353301,N248000,0,0,0,0,0,0,0,0,0,0,0,0,0,0,0,0,0,0,200
,11351316,N249000,0,0,0,0,0,0,0,0,0,0,0,0,0,0,0,0,0,0,200
,11351300,N250000,0,0,0,0,0,0,0,0,0,0,0,0,0,0,0,0,0,0,200
,11351301,N251000,0,0,0,0,0,0,0,0,0,0,0,0,0,0,0,0,0,0,200
,11351303,N252000,0,0,0,0,0,0,0,0,0,0,0,0,0,0,0,0,0,0,200
,11351306,N261000,0,0,0,0,0,0,0,0,0,0,0,0,0,0,0,0,0,0,200
,11351309,N262000,0,0,0,0,0,0,0,0,0,0,0,0,0,0,0,0,0,0,200
,11351308,N269000,0,0,0,0,0,0,0,0,0,0,0,0,0,0,0,0,0,0,200
,11351415,N271000,0,0,0,0,0,0,0,0,0,0,0,0,0,0,0,0,0,0,200
,11351313,N273000,0,0,0,0,0,0,0,0,0,0,0,0,0,0,0,0,0,0,200
,11351314,N274000,0,0,0,0,0,0,0,0,0,0,0,0,0,0,0,0,0,0,200
,11351326,N278000,0,0,0,0,0,0,0,0,0,0,0,0,0,0,0,0,0,0,200
,11351329,N574000,0,0,0,0,0,0,0,0,0,0,0,0,0,0,0,0,0,0,200
,11333307,N686000,0.53,0,0,0,0,0,0,0,0,0,0,0,0,0,0,0,0,0,200
,11333311,N687000,0.24,0,0,0,0,0,0,0,0,0,0,0,0,0,0,0,0,0,200
,11333309,N688000,0.57,234,0,234,0,0,0,0,0,0,0,0,0,0,0,0,0,0,200
,11333308,N689000,0.58,90,0,0,0,0,0,90,0,0,0,0,0,0,0,0,0,0,200
,11333310,N690000,0.6,250,0,0,0,0,0,250,0,0,0,0,0,0,0,0,0,0,200
,11333312,N691000,0.58,90,0,0,0,0,0,90,0,0,0,0,0,0,0,0,0,0,200
,11333313,N693000,0.54,600,0,0,0,0,0,600,0,0,0,0,0,0,0,0,0,0,200
,11351318,N750000,0,0,0,0,0,0,0,0,0,0,0,0,0,0,0,0,0,0,200
,11351321,N751000,0,0,0,0,0,0,0,0,0,0,0,0,0,0,0,0,0,0,200
,11351320,N752000,0,0,0,0,0,0,0,0,0,0,0,0,0,0,0,0,0,0,200
,11351317,N753000,0,0,0,0,0,0,0,0,0,0,0,0,0,0,0,0,0,0,200
,11351319,N754000,0,0,0,0,0,0,0,0,0,0,0,0,0,0,0,0,0,0,200
,11351325,N755000,0,0,0,0,0,0,0,0,0,0,0,0,0,0,0,0,0,0,200
,11351322,N756000,0,0,0,0,0,0,0,0,0,0,0,0,0,0,0,0,0,0,200
,11351324,N758000,0.4,0,0,0,0,0,0,0,0,0,0,0,0,0,0,0,0,0,200
,11351323,N759000,0,0,0,0,0,0,0,0,0,0,0,0,0,0,0,0,0,0,200
,11351327,N762000,0,0,0,0,0,0,0,0,0,0,0,0,0,0,0,0,0,0,200
,11351328,N763000,0,0,0,0,0,0,0,0,0,0,0,0,0,0,0,0,0,0,200
,11353401,O248000,0,0,0,0,0,0,0,0,0,0,0,0,0,0,0,0,0,0,200
,11351416,O249000,0,0,0,0,0,0,0,0,0,0,0,0,0,0,0,0,0,0,200
,11351400,O250000,0,0,0,0,0,0,0,0,0,0,0,0,0,0,0,0,0,0,200
,11351401,O251000,0,0,0,0,0,0,0,0,0,0,0,0,0,0,0,0,0,0,200
,11351403,O252000,0,0,0,0,0,0,0,0,0,0,0,0,0,0,0,0,0,0,200
,11351406,O261000,0,0,0,0,0,0,0,0,0,0,0,0,0,0,0,0,0,0,200
,11351409,O262000,0,0,0,0,0,0,0,0,0,0,0,0,0,0,0,0,0,0,200
,11351315,O271000,0,0,0,0,0,0,0,0,0,0,0,0,0,0,0,0,0,0,200
,11351413,O273000,0,0,0,0,0,0,0,0,0,0,0,0,0,0,0,0,0,0,200
,11351414,O274000,0,0,0,0,0,0,0,0,0,0,0,0,0,0,0,0,0,0,200
,11351426,O278000,0,0,0,0,0,0,0,0,0,0,0,0,0,0,0,0,0,0,200
,11351429,O574000,0,0,0,0,0,0,0,0,0,0,0,0,0,0,0,0,0,0,200
,11333402,O686000,0.53,0,0,0,0,0,0,0,0,0,0,0,0,0,0,0,0,0,200
,11333406,O687000,0.24,0,0,0,0,0,0,0,0,0,0,0,0,0,0,0,0,0,200
,11333404,O688000,0.57,400,0,400,0,0,0,0,0,0,0,0,0,0,0,0,0,0,200
,11333403,O689000,0.58,90,0,0,0,0,0,90,0,0,0,0,0,0,0,0,0,0,200
,11333405,O690000,0.6,125,0,0,0,0,0,125,0,0,0,0,0,0,0,0,0,0,200
,11333413,O693000,0.54,600,0,0,0,0,0,600,0,0,0,0,0,0,0,0,0,0,200
,11351418,O750000,0,0,0,0,0,0,0,0,0,0,0,0,0,0,0,0,0,0,200
,11351421,O751000,0,0,0,0,0,0,0,0,0,0,0,0,0,0,0,0,0,0,200
,11351420,O752000,0,0,0,0,0,0,0,0,0,0,0,0,0,0,0,0,0,0,200
,11351417,O753000,0,0,0,0,0,0,0,0,0,0,0,0,0,0,0,0,0,0,200
,11351419,O754000,0,0,0,0,0,0,0,0,0,0,0,0,0,0,0,0,0,0,200
,11351425,O755000,0,0,0,0,0,0,0,0,0,0,0,0,0,0,0,0,0,0,200
,11351422,O756000,0,0,0,0,0,0,0,0,0,0,0,0,0,0,0,0,0,0,200
,11351424,O758000,0,0,0,0,0,0,0,0,0,0,0,0,0,0,0,0,0,0,200
,11351423,O759000,0,0,0,0,0,0,0,0,0,0,0,0,0,0,0,0,0,0,200
,11351427,O762000,0,0,0,0,0,0,0,0,0,0,0,0,0,0,0,0,0,0,200
,11351428,O763000,0,0,0,0,0,0,0,0,0,0,0,0,0,0,0,0,0,0,200
,11353000,P267000,0,0,0,0,0,0,0,0,0,0,0,0,0,0,0,0,0,0,200
,11333021,P385000,1.13,0,0,0,0,0,0,0,0,0,0,0,0,0,0,0,0,0,200
,11333024,P386000,0,0,0,0,0,0,0,0,0,0,0,0,0,0,0,0,0,0,200
,11333022,P387000,0,0,0,0,0,0,0,0,0,0,0,0,0,0,0,0,0,0,200
,11333023,P388000,0,0,0,0,0,0,0,0,0,0,0,0,0,0,0,0,0,0,200
,11333016,P390000,5.09,15788,-0.0068312,8279,32983.19922160319,0,0,13989,-0.006052803192297947,6480,0,0,6480,32983.2,6480,32983.2,-0.01,0.003947196807702053,200
,11333017,P391000,3.67,15811,-0.005273431,15800,-0.005269762178230346,0,0,11,-0.0000036688217696540386,0,0,0,0,0,0,0,0,-0.0000036688217696540386,200
,11333018,P393000,5.61,16336,-0.006165383,11464,-0.004326637531341822,0,0,4872,-0.0018387454686581782,0,0,0,0,0,0,0,0,-0.0018387454686581782,200
,11333019,P394000,0,0,0,0,0,0,0,0,0,0,0,0,0,0,0,0,0,0,200
,11333025,P395000,4.95,5845,0.001820513,5300,0.0016507645680068435,0,0,545,0.00016974843199315653,0,0,0,0,0,0,0,0,0.00016974843199315653,200
,11333026,P396000,0,0,0,0,0,0,0,0,0,0,0,0,0,0,0,0,0,0,200
,11333027,P399000,5.16,16679,0.001007276,15993,0.0009658471771688952,0,0,686,0.000041428822831104986,0,0,0,0,0,0,0,0,0.000041428822831104986,200
,11333003,P581000,4.06,0,0,0,0,0,0,0,0,0,0,0,0,0,0,0,0,0,200
,11333009,P582000,0,0,0,0,0,0,0,0,0,0,0,0,0,0,0,0,0,0,200
,11333004,P585000,0,0,0,0,0,0,0,0,0,0,0,0,0,0,0,0,0,0,200
,11333011,P587000,0,0,0,0,0,0,0,0,0,0,0,0,0,0,0,0,0,0,200
,11333014,P5G1000,5.51,8723,48617.10014,7041,39242.14974794422,0,0,1682,9374.522805855784,0,-120,-661.6275862,120,661.2,0,-0.4275861999999506,9374.52,0.0028058557836629916,200
,11353001,P5G3000,0,4607,27002.12831,4592,26914.211677777297,0,0,15,87.91663222270458,0,0,0,0,0,0,0,0,87.91663222270458,200
,11331028,PD21000,0,0,0,0,0,0,0,0,0,0,0,0,0,0,0,0,0,0,200
,11333015,PL82000,0,0,0,0,0,0,0,0,0,0,0,0,0,0,0,0,0,0,200
,11353100,PLC3000,0,0,0,0,0,0,0,0,0,0,0,0,0,0,0,0,0,0,200
,11333001,PPP3000,6.41,4656,23165.08022,9936,57436.45865999999,4560,29240.57,288,1432.89156,5568,0,0,1008,6463.7,5568,35704.27,1432.89,0.001559999999926731,200
,11335802,Q687000,2.81,0,0,0,0,0,0,0,0,0,0,0,0,0,0,0,0,0,200
,11332010,R311000,0,0,0,0,0,0,0,0,0,0,0,0,0,0,0,0,0,0,200
,11331024,R427000,0,0,0,0,0,0,0,0,0,0,0,0,0,0,0,0,0,0,200
,11331017,R428000,0,0,0,0,0,0,0,0,0,0,0,0,0,0,0,0,0,0,200
,11331029,R455000,45.87,116,5249.129068,86,3891.595688344828,0,0,30,1357.5333796551724,0,0,0,0,0,0,0,1357.53,0.0033796551724663004,200
,11331020,R483000,0,0,0,0,0,0,0,0,0,0,0,0,0,0,0,0,0,0,200
,11334233,S000000,1.15,2924,3449.220116,3130,3692.2226275923394,0,0,-206,-243.0025115923393,0,0,0,0,0,0,0,0,-243.0025115923393,200
,11344209,S034000,0,355,0,0,0,0,0,355,0,0,0,0,0,0,0,0,0,0,200
,11356700,S1C0000,0,0,0,0,0,0,0,0,0,0,0,0,0,0,0,0,0,0,200
,11344214,S445000,1.81,900,0,1000,0,0,0,-100,0,0,0,0,0,0,0,0,0,0,200
,11334115,SC1F000,0,0,0,0,0,0,0,0,0,0,0,0,0,0,0,0,0,0,200
,11335006,SK70000,21.4,0,0,0,0,0,0,0,0,0,0,0,0,0,0,0,0,0,200
,11334109,STH3000,0,91124,4407.340229,77379,3742.54400135849,0,0,13745,664.7962276415105,0,0,0,0,0,0,0,0,664.7962276415105,200
,11336310,T006000,0,0,0,0,0,0,0,0,0,0,0,0,0,0,0,0,0,0,200
,11336311,T009000,0,0,0,0,0,0,0,0,0,0,0,0,0,0,0,0,0,0,200
,11336313,T011000,0,0,0,0,0,0,0,0,0,0,0,0,0,0,0,0,0,0,200
,11336315,T012000,0,0,0,0,0,0,0,0,0,0,0,0,0,0,0,0,0,0,200
,11336333,T013000,0,0,0,0,0,0,0,0,0,0,0,0,0,0,0,0,0,0,200
,11336370,T016000,0,0,0,0,0,0,0,0,0,0,0,0,0,0,0,0,0,0,200
,11336316,T017000,0,0,0,0,0,0,0,0,0,0,0,0,0,0,0,0,0,0,200
,11336334,T020000,0,0,0,0,0,0,0,0,0,0,0,0,0,0,0,0,0,0,200
,11336327,T021000,0,0,0,0,0,0,0,0,0,0,0,0,0,0,0,0,0,0,200
,11336336,T030000,0,0,0,0,0,0,0,0,0,0,0,0,0,0,0,0,0,0,200
,11336356,T033000,0,0,0,0,0,0,0,0,0,0,0,0,0,0,0,0,0,0,200
,11336359,T035000,0.13,0,0,0,0,0,0,0,0,0,0,0,0,0,0,0,0,0,200
,11336372,T050000,0,0,0,0,0,0,0,0,0,0,0,0,0,0,0,0,0,0,200
,11336301,T061000,0,0,0,0,0,0,0,0,0,0,0,0,0,0,0,0,0,0,200
,11336302,T062000,0,0,0,0,0,0,0,0,0,0,0,0,0,0,0,0,0,0,200
,11336303,T063000,0,0,0,0,0,0,0,0,0,0,0,0,0,0,0,0,0,0,200
,11336304,T067000,0,0,0,0,0,0,0,0,0,0,0,0,0,0,0,0,0,0,200
,11336305,T069000,0,0,0,0,0,0,0,0,0,0,0,0,0,0,0,0,0,0,200
,11336358,T090000,0,0,0,0,0,0,0,0,0,0,0,0,0,0,0,0,0,0,200
,11336398,T125000,0.08,1200,99.57,1200,99.57,0,0,0,0,0,0,0,0,0,0,0,0,0,200
,11336390,T140000,0.09,815,74.641775,800,73.268,0,0,15,1.373775,0,0,0,0,0,0,0,0,1.373775,200
,11336391,T141000,0.08,1272,101.442,1250,99.6875,0,0,22,1.7545,0,0,0,0,0,0,0,0,1.7545,200
,11336399,T143000,0,0,0,0,0,0,0,0,0,0,0,0,0,0,0,0,0,0,200
,11336307,T154000,0,0,0,0,0,0,0,0,0,0,0,0,0,0,0,0,0,0,200
,11336308,T155000,0,0,0,0,0,0,0,0,0,0,0,0,0,0,0,0,0,0,200
,11346316,T161000,0,1138,105.5495,1138,105.84949999999995,6000,541.5,0,0,0,0,0,-6000,-541.2,0,0.2999999999999545,0,0,200
,11336328,T228000,0,0,0,0,0,0,0,0,0,0,0,0,0,0,0,0,0,0,200
,11336392,T235000,0,0,0,0,0,0,0,0,0,0,0,0,0,0,0,0,0,0,200
,11356300,T264000,0,0,0,0,0,0,0,0,0,0,0,0,0,0,0,0,0,0,200
,11356301,T265000,0,0,0,0,0,0,0,0,0,0,0,0,0,0,0,0,0,0,200
,11336329,T326000,0,0,0,0,0,0,0,0,0,0,0,0,0,0,0,0,0,0,200
,11336330,T327000,0,0,0,0,0,0,0,0,0,0,0,0,0,0,0,0,0,0,200
,11336331,T328000,0,0,0,0,0,0,0,0,0,0,0,0,0,0,0,0,0,0,200
,11346318,T382000,0.07,11952,-0.009344333,10000,-0.00781821703480589,0,0,1952,-0.0015261159651941097,0,0,0,0,0,0,0,0,-0.0015261159651941097,200
,11346317,T383000,0,51358,-0.010674202,15500,-0.0032215065033685117,0,0,35858,-0.007452695496631489,0,0,0,0,0,0,0,-0.01,0.002547304503368511,200
,11344384,T397000,60,40000,1800,40000,1800,0,0,0,0,0,0,0,0,0,0,0,0,0,200
,11336317,T403000,0,0,0,0,0,0,0,0,0,0,0,0,0,0,0,0,0,0,200
,11346322,T413000,0.08,2000,159.5,2000,159.5,0,0,0,0,0,0,0,0,0,0,0,0,0,200
,11346304,T431000,0.08,2700,159.5,2700,159.5,0,0,0,0,0,0,0,0,0,0,0,0,0,200
,11346319,T438000,0.09,2545,209.69,1699,139.98558349705303,0,0,846,69.70441650294696,0,0,0,0,0,0,0,69.7,0.004416502946952505,200
,11346320,T439000,0.09,2504,206.58,2504,206.58,0,0,0,0,0,0,0,0,0,0,0,0,0,200
,11346321,T440000,0.09,2200,181.9557014,2200,181.9557014,0,0,0,0,0,0,0,0,0,0,0,0,0,200
,11346302,T481000,0.09,1406,100.5366022,1406,100.5366022,0,0,0,0,0,0,0,0,0,0,0,0,0,200
,11346323,T511000,0.09,0,450.73,0,450.73,0,0,0,0,0,0,0,0,0,0,0,0,0,200
,11336393,T522000,0.11,936,110.59464,6936,759.9146400000001,6000,649.32,0,0,6000,0,0,0,0,6000,649.32,0,0,200
,11336394,T524000,0.11,845,99.95974444,6845,749.2797444400001,6000,649.32,0,0,6000,0,0,0,0,6000,649.32,0,0,200
,11346315,T525000,0.14,1500,210.3440794,1500,210.3440794,0,0,0,0,0,0,0,0,0,0,0,0,0,200
,11336351,T608000,0.1,0,0,0,0,0,0,0,0,0,0,0,0,0,0,0,0,0,200
,11336353,T609000,0.09,1209,110.7093521,1209,110.7093521,0,0,0,0,0,0,0,0,0,0,0,0,0,200
,11336352,T610000,0,0,0,0,0,0,0,0,0,0,0,0,0,0,0,0,0,0,200
,11336350,T611000,0,0,0,0,0,0,0,0,0,0,0,0,0,0,0,0,0,0,200
,11336355,T613000,0,0,0,0,0,0,0,0,0,0,0,0,0,0,0,0,0,0,200
,11366301,T619000,0,0,0,0,0,0,0,0,0,0,0,0,0,0,0,0,0,0,200
,11366302,T622000,0,0,0,0,0,0,0,0,0,0,0,0,0,0,0,0,0,0,200
,11336340,T627000,0,0,0,0,0,0,0,0,0,0,0,0,0,0,0,0,0,0,200
,11336341,T628000,0,0,0,0,0,0,0,0,0,0,0,0,0,0,0,0,0,0,200
,11336342,T629000,0,0,0,0,0,0,0,0,0,0,0,0,0,0,0,0,0,0,200
,11336343,T631000,0,0,0,0,0,0,0,0,0,0,0,0,0,0,0,0,0,0,200
,11336346,T632000,0,0,0,0,0,0,0,0,0,0,0,0,0,0,0,0,0,0,200
,11336344,T633000,0,0,0,0,0,0,0,0,0,0,0,0,0,0,0,0,0,0,200
,11336345,T634000,0,0,0,0,0,0,0,0,0,0,0,0,0,0,0,0,0,0,200
,11336371,T642000,0,0,2.84e-14,0,2.84e-14,0,0,0,0,0,0,0,0,0,0,0,0,0,200
,11336357,T650000,0,0,0,0,0,0,0,0,0,0,0,0,0,0,0,0,0,0,200
,11336347,T651000,0,0,0,0,0,0,0,0,0,0,0,0,0,0,0,0,0,0,200
,11336348,T657000,0,0,0,0,0,0,0,0,0,0,0,0,0,0,0,0,0,0,200
,11336349,T658000,0,0,0,0,0,0,0,0,0,0,0,0,0,0,0,0,0,0,200
,11336354,T659000,0,0,0,0,0,0,0,0,0,0,0,0,0,0,0,0,0,0,200
,11336373,T670000,0.13,0,0,0,0,0,0,0,0,0,0,0,0,0,0,0,0,0,200
,11336374,T671000,0.13,0,0,0,0,0,0,0,0,0,0,0,0,0,0,0,0,0,200
,11336378,T672000,0.13,0,0,0,0,0,0,0,0,0,0,0,0,0,0,0,0,0,200
,11336379,T675000,0,0,0,0,0,0,0,0,0,0,0,0,0,0,0,0,0,0,200
,11336380,T676000,0.12,0,0,0,0,0,0,0,0,0,0,0,0,0,0,0,0,0,200
,11336381,T677000,0.13,0,0,0,0,0,0,0,0,0,0,0,0,0,0,0,0,0,200
,11336382,T680000,0.13,0,0,0,0,0,0,0,0,0,0,0,0,0,0,0,0,0,200
,11336383,T681000,0.13,0,0,0,0,0,0,0,0,0,0,0,0,0,0,0,0,0,200
,11336384,T682000,0.13,0,0,0,0,0,0,0,0,0,0,0,0,0,0,0,0,0,200
,11336385,T683000,0.12,0,0,0,0,0,0,0,0,0,0,0,0,0,0,0,0,0,200
,11336332,T705000,0.14,1285,181.3436804,3165,444.4088619968872,0,0,120,16.934818403112843,2000,0,0,2000,280,2000,280,16.93,0.004818403112842873,200
,11336395,T710000,0.09,4000,342,4000,342,0,0,0,0,0,0,0,0,0,0,0,0,0,200
,11336396,T711000,0.05,0,0,0,0,0,0,0,0,0,0,0,0,0,0,0,0,0,200
,11336397,T712000,0,0,0,0,0,0,0,0,0,0,0,0,0,0,0,0,0,0,200
,11346301,T717000,0.09,1911,178.69,1911,178.69,0,0,0,0,0,0,0,0,0,0,0,0,0,200
,11346303,T718000,0.12,1214,142.09,1214,142.09,0,0,0,0,0,0,0,0,0,0,0,0,0,200
,11346310,T729000,0.06,1994,127.5711595,1994,127.5711595,0,0,0,0,0,0,0,0,0,0,0,0,0,200
,11346311,T730000,0.14,1260,178.0128,386,54.53408,0,0,874,123.47872,0,0,0,0,0,0,0,123.48,-0.0012800000000083855,200
,11346312,T734000,0.09,2314,202.7329447,2314,202.7329447,0,0,0,0,0,0,0,0,0,0,0,0,0,200
,11346313,T737000,0.09,2179,201.5268619,0,0,0,0,2179,201.5268619,0,0,0,0,0,0,0,201.53,-0.0031381000000010317,200
,11346314,T738000,0.06,881,59.76359454,881,59.76359454,0,0,0,0,0,0,0,0,0,0,0,0,0,200
,11336410,U006000,0,0,0,0,0,0,0,0,0,0,0,0,0,0,0,0,0,0,200
,11336411,U009000,0,0,0,0,0,0,0,0,0,0,0,0,0,0,0,0,0,0,200
,11336413,U011000,0,0,0,0,0,0,0,0,0,0,0,0,0,0,0,0,0,0,200
,11336415,U012000,0,0,0,0,0,0,0,0,0,0,0,0,0,0,0,0,0,0,200
,11336433,U013000,0,0,0,0,0,0,0,0,0,0,0,0,0,0,0,0,0,0,200
,11336470,U016000,0,0,0,0,0,0,0,0,0,0,0,0,0,0,0,0,0,0,200
,11336416,U017000,0,0,0,0,0,0,0,0,0,0,0,0,0,0,0,0,0,0,200
,11336434,U020000,0,0,0,0,0,0,0,0,0,0,0,0,0,0,0,0,0,0,200
,11336427,U021000,0,0,0,0,0,0,0,0,0,0,0,0,0,0,0,0,0,0,200
,11336436,U030000,0,0,0,0,0,0,0,0,0,0,0,0,0,0,0,0,0,0,200
,11336456,U033000,0,0,0,0,0,0,0,0,0,0,0,0,0,0,0,0,0,0,200
,11336459,U035000,0,0,0,0,0,0,0,0,0,0,0,0,0,0,0,0,0,0,200
,11336472,U050000,0,0,0,0,0,0,0,0,0,0,0,0,0,0,0,0,0,0,200
,11336401,U061000,0,0,0,0,0,0,0,0,0,0,0,0,0,0,0,0,0,0,200
,11336402,U062000,0,0,0,0,0,0,0,0,0,0,0,0,0,0,0,0,0,0,200
,11336403,U063000,0,0,0,0,0,0,0,0,0,0,0,0,0,0,0,0,0,0,200
,11336404,U067000,0,0,0,0,0,0,0,0,0,0,0,0,0,0,0,0,0,0,200
,11336405,U069000,0,0,0,0,0,0,0,0,0,0,0,0,0,0,0,0,0,0,200
,11336458,U090000,0,0,0,0,0,0,0,0,0,0,0,0,0,0,0,0,0,0,200
,11336495,U125000,0.08,1300,107.87,1300,107.87,0,0,0,0,0,0,0,0,0,0,0,0,0,200
,11336407,U154000,0,0,0,0,0,0,0,0,0,0,0,0,0,0,0,0,0,0,200
,11336408,U155000,0,0,0,0,0,0,0,0,0,0,0,0,0,0,0,0,0,0,200
,11346416,U161000,0,1153,106.94075,1153,76.64075000000004,6000,541.5,0,0,0,-12000,-1113,6000,541.2,0,-30.299999999999955,0,0,200
,11336428,U228000,0,0,0,0,0,0,0,0,0,0,0,0,0,0,0,0,0,0,200
,11356400,U264000,0,0,0,0,0,0,0,0,0,0,0,0,0,0,0,0,0,0,200
,11356401,U265000,0,0,0,0,0,0,0,0,0,0,0,0,0,0,0,0,0,0,200
,11336429,U326000,0,0,0,0,0,0,0,0,0,0,0,0,0,0,0,0,0,0,200
,11336430,U327000,0,0,0,0,0,0,0,0,0,0,0,0,0,0,0,0,0,0,200
,11336431,U328000,0,0,0,0,0,0,0,0,0,0,0,0,0,0,0,0,0,0,200
,11346418,U382000,0.07,12072,-0.008833586,10000,-0.007317417163684559,0,0,2072,-0.0015161688363154405,0,0,0,0,0,0,0,0,-0.0015161688363154405,200
,11346417,U383000,0,50759,-0.015923349,15682,-0.0049195208537993265,0,0,35077,-0.011003828146200673,0,0,0,0,0,0,0,-0.01,-0.001003828146200673,200
,11344484,U397000,60,40000,1800,40000,1800,0,0,0,0,0,0,0,0,0,0,0,0,0,200
,11336417,U403000,0,0,0,0,0,0,0,0,0,0,0,0,0,0,0,0,0,0,200
,11346422,U413000,0.08,2000,159.5,2000,159.5,0,0,0,0,0,0,0,0,0,0,0,0,0,200
,11346403,U431000,0.08,2700,159.5,2700,159.5,0,0,0,0,0,0,0,0,0,0,0,0,0,200
,11346419,U438000,0.09,2545,209.69,1699,139.98558349705303,0,0,846,69.70441650294696,0,0,0,0,0,0,0,69.7,0.004416502946952505,200
,11346420,U439000,0.09,2504,206.58,2504,206.58,0,0,0,0,0,0,0,0,0,0,0,0,0,200
,11346421,U440000,0.09,2200,181.9557014,2200,181.9557014,0,0,0,0,0,0,0,0,0,0,0,0,0,200
,11346402,U481000,0.09,1398,99.94903419,1398,99.94903419,0,0,0,0,0,0,0,0,0,0,0,0,0,200
,11346423,U511000,0.09,0,450.73,0,450.73,0,0,0,0,0,0,0,0,0,0,0,0,0,200
,11336490,U522000,0.11,936,110.59464,6936,759.9146400000001,6000,649.32,0,0,6000,0,0,0,0,6000,649.32,0,0,200
,11336491,U524000,0.11,845,99.95974444,6845,749.2797444400001,6000,649.32,0,0,6000,0,0,0,0,6000,649.32,0,0,200
,11346415,U525000,0.14,1500,210.3440794,1500,210.3440794,0,0,0,0,0,0,0,0,0,0,0,0,0,200
,11336451,U608000,0.1,0,0,0,0,0,0,0,0,0,0,0,0,0,0,0,0,0,200
,11366401,U619000,0,0,0,0,0,0,0,0,0,0,0,0,0,0,0,0,0,0,200
,11366402,U622000,0,0,0,0,0,0,0,0,0,0,0,0,0,0,0,0,0,0,200
,11336440,U627000,0,0,0,0,0,0,0,0,0,0,0,0,0,0,0,0,0,0,200
,11336441,U628000,0,0,0,0,0,0,0,0,0,0,0,0,0,0,0,0,0,0,200
,11336442,U629000,0,0,0,0,0,0,0,0,0,0,0,0,0,0,0,0,0,0,200
,11336443,U631000,0,0,0,0,0,0,0,0,0,0,0,0,0,0,0,0,0,0,200
,11336446,U632000,0,0,0,0,0,0,0,0,0,0,0,0,0,0,0,0,0,0,200
,11336444,U633000,0,0,0,0,0,0,0,0,0,0,0,0,0,0,0,0,0,0,200
,11336445,U634000,0,0,0,0,0,0,0,0,0,0,0,0,0,0,0,0,0,0,200
,11336471,U642000,0,0,2.84e-14,0,2.84e-14,0,0,0,0,0,0,0,0,0,0,0,0,0,200
,11336457,U650000,0,0,0,0,0,0,0,0,0,0,0,0,0,0,0,0,0,0,200
,11336447,U651000,0,0,0,0,0,0,0,0,0,0,0,0,0,0,0,0,0,0,200
,11336448,U657000,0,0,0,0,0,0,0,0,0,0,0,0,0,0,0,0,0,0,200
,11336449,U658000,0,0,0,0,0,0,0,0,0,0,0,0,0,0,0,0,0,0,200
,11336454,U659000,0,0,0,0,0,0,0,0,0,0,0,0,0,0,0,0,0,0,200
,11336473,U670000,0.13,0,0,0,0,0,0,0,0,0,0,0,0,0,0,0,0,0,200
,11336474,U671000,0.13,0,0,0,0,0,0,0,0,0,0,0,0,0,0,0,0,0,200
,11336478,U672000,0.13,0,0,0,0,0,0,0,0,0,0,0,0,0,0,0,0,0,200
,11336479,U675000,0,0,0,0,0,0,0,0,0,0,0,0,0,0,0,0,0,0,200
,11336480,U676000,0.12,0,0,0,0,0,0,0,0,0,0,0,0,0,0,0,0,0,200
,11336481,U677000,0.13,0,0,0,0,0,0,0,0,0,0,0,0,0,0,0,0,0,200
,11336482,U680000,0.13,0,0,0,0,0,0,0,0,0,0,0,0,0,0,0,0,0,200
,11336483,U681000,0.13,0,0,0,0,0,0,0,0,0,0,0,0,0,0,0,0,0,200
,11336484,U682000,0.13,0,0,0,0,0,0,0,0,0,0,0,0,0,0,0,0,0,200
,11336485,U683000,0.12,0,0,0,0,0,0,0,0,0,0,0,0,0,0,0,0,0,200
,11336432,U705000,0.14,2139,299.2432356,4043,565.8129641565217,0,0,96,13.43027144347826,2000,0,0,2000,280,2000,280,13.43,0.000271443478260025,200
,11336492,U710000,0,0,0,0,0,0,0,0,0,0,0,0,0,0,0,0,0,0,200
,11336493,U711000,0.05,0,0,0,0,0,0,0,0,0,0,0,0,0,0,0,0,0,200
,11336494,U712000,0,0,0,0,0,0,0,0,0,0,0,0,0,0,0,0,0,0,200
,11336496,U717000,0.09,1911,178.69,1911,178.69,0,0,0,0,0,0,0,0,0,0,0,0,0,200
,11346401,U718000,0.12,1214,142.09,1214,142.09,0,0,0,0,0,0,0,0,0,0,0,0,0,200
,11346410,U729000,0.06,1994,127.5711595,1994,127.5711595,0,0,0,0,0,0,0,0,0,0,0,0,0,200
,11346411,U730000,0.14,1260,178.0128,386,54.53408,0,0,874,123.47872,0,0,0,0,0,0,0,123.48,-0.0012800000000083855,200
,11346412,U734000,0.09,2302,201.9849602,2302,201.9849602,0,0,0,0,0,0,0,0,0,0,0,0,0,200
,11346413,U737000,0.09,2179,201.5268619,0,0,0,0,2179,201.5268619,0,0,0,0,0,0,0,201.53,-0.0031381000000010317,200
,11346414,U738000,0.11,883,85.00460848,883,85.00460848,0,0,0,0,0,0,0,0,0,0,0,0,0,200
,11337302,V068000,0,0,0,0,0,0,0,0,0,0,0,0,0,0,0,0,0,0,200
,11337301,V069000,0,0,0,0,0,0,0,0,0,0,0,0,0,0,0,0,0,0,200
,11351305,V250000,0,0,0,0,0,0,0,0,0,0,0,0,0,0,0,0,0,0,200
,11351302,V251000,0,0,0,0,0,0,0,0,0,0,0,0,0,0,0,0,0,0,200
,11351304,V252000,0,0,0,0,0,0,0,0,0,0,0,0,0,0,0,0,0,0,200
,11351307,V262000,0,0,0,0,0,0,0,0,0,0,0,0,0,0,0,0,0,0,200
,11351310,V271000,0,0,0,0,0,0,0,0,0,0,0,0,0,0,0,0,0,0,200
,11351311,V272000,0,0,0,0,0,0,0,0,0,0,0,0,0,0,0,0,0,0,200
,11338304,V333000,0.06,6704,386.1721826,6704,386.1721826,0,0,0,0,0,0,0,0,0,0,0,0,0,200
,11338305,V334000,0.03,2242,76.25681542,2242,76.25681542,0,0,0,0,0,0,0,0,0,0,0,0,0,200
,11337313,V352000,0.03,27930,753.5384106,27930,753.5384106,0,0,0,0,0,0,0,0,0,0,0,0,0,200
,11337314,V359000,0.03,34413,925.8889291,34413,925.8889291,0,0,0,0,0,0,0,0,0,0,0,0,0,200
,11364334,V390000,0.08,9892,0,7765,0,0,0,2127,0,0,0,0,0,0,0,0,0,0,200
,11338306,V429000,0.05,2759,136.6216625,2759,136.6216625,0,0,0,0,0,0,0,0,0,0,0,0,0,200
,11338307,V436000,0.05,5600,293.9471698,5356,281.1394716872857,0,0,244,12.807698112714284,0,0,0,0,0,0,0,0,12.807698112714284,200
,11336007,V614000,0,0,0,0,0,0,0,0,0,0,0,0,0,0,0,0,0,0,200
,11336360,V627000,0.13,0,0,0,0,0,0,0,0,0,0,0,0,0,0,0,0,0,200
,11337404,V628000,0,0,0,0,0,0,0,0,0,0,0,0,0,0,0,0,0,0,200
,11333300,V629000,0,0,0,0,0,0,0,0,0,0,0,0,0,0,0,0,0,0,200
,11337405,V631000,0,0,0,0,0,0,0,0,0,0,0,0,0,0,0,0,0,0,200
,11336361,V657000,0,0,0,0,0,0,0,0,0,0,0,0,0,0,0,0,0,0,200
,11337406,V658000,0.12,0,0,0,0,0,0,0,0,0,0,0,0,0,0,0,0,0,200
,11337407,V659000,0,0,0,0,0,0,0,0,0,0,0,0,0,0,0,0,0,0,200
,11333301,V660000,0,0,0,0,0,0,0,0,0,0,0,0,0,0,0,0,0,0,200
,11337408,V661000,0,0,0,0,0,0,0,0,0,0,0,0,0,0,0,0,0,0,200
,11337409,V662000,0.13,0,0,0,0,0,0,0,0,0,0,0,0,0,0,0,0,0,200
,11337410,V663000,0,0,0,0,0,0,0,0,0,0,0,0,0,0,0,0,0,0,200
,11336375,V671000,0.12,0,0,0,0,0,0,0,0,0,0,0,0,0,0,0,0,0,200
,11336387,V672000,0.13,0,0,0,0,0,0,0,0,0,0,0,0,0,0,0,0,0,200
,11336388,V680000,0.12,0,0,0,0,0,0,0,0,0,0,0,0,0,0,0,0,0,200
,11336376,V681000,0.13,0,0,0,0,0,0,0,0,0,0,0,0,0,0,0,0,0,200
,11336389,V682000,0.12,0,0,0,0,0,0,0,0,0,0,0,0,0,0,0,0,0,200
,11344381,V687000,0.29,0,0,0,0,0,0,0,0,0,0,0,0,0,0,0,0,0,200
,11346309,V688000,0.13,3492,0,0,0,0,0,3492,0,0,0,0,0,0,0,0,0,0,200
,11338303,V702000,0.08,9920,614.9615278,14795,1006.962516613004,5000,399.75,125,7.7490111869959675,5000,0,0,0,0,5000,399.75,0,7.7490111869959675,200
,11338301,V703000,0.03,39288,1427.701617,33172,1205.4499602709225,0,0,6116,222.25165672907755,0,0,0,0,0,0,0,222.25,0.0016567290775526544,200
,11338302,V704000,0.05,6030,227.6060047,15130,706.134959222388,10000,512.5,900,33.971045477611945,10000,0,0,0,0,10000,512.5,33.97,0.0010454776119459552,200
,11337312,W059000,0,0,0,0,0,0,0,0,0,0,0,0,0,0,0,0,0,0,200
,11337402,W068000,0,0,0,0,0,0,0,0,0,0,0,0,0,0,0,0,0,0,200
,11337401,W069000,0,0,0,0,0,0,0,0,0,0,0,0,0,0,0,0,0,0,200
,11337412,W159000,0,0,0,0,0,0,0,0,0,0,0,0,0,0,0,0,0,0,200
,11351405,W250000,0,0,0,0,0,0,0,0,0,0,0,0,0,0,0,0,0,0,200
,11351402,W251000,0,0,0,0,0,0,0,0,0,0,0,0,0,0,0,0,0,0,200
,11351404,W252000,0,0,0,0,0,0,0,0,0,0,0,0,0,0,0,0,0,0,200
,11351407,W262000,0,0,0,0,0,0,0,0,0,0,0,0,0,0,0,0,0,0,200
,11351410,W271000,0,0,0,0,0,0,0,0,0,0,0,0,0,0,0,0,0,0,200
,11351411,W272000,0,0,0,0,0,0,0,0,0,0,0,0,0,0,0,0,0,0,200
,11338404,W333000,0.06,6704,386.1721826,6704,386.1721826,0,0,0,0,0,0,0,0,0,0,0,0,0,200
,11338405,W334000,0.03,2242,76.25681542,2242,76.25681542,0,0,0,0,0,0,0,0,0,0,0,0,0,200
,11337413,W352000,0.03,27930,753.5239197,27930,753.5239197,0,0,0,0,0,0,0,0,0,0,0,0,0,200
,11337414,W359000,0.03,34422,926.1295199,34422,926.1295199,0,0,0,0,0,0,0,0,0,0,0,0,0,200
,11364434,W390000,0.08,9886,0.01,7779,0.007868703216670039,0,0,2107,0.0021312967833299616,0,0,0,0,0,0,0,0,0.0021312967833299616,200
,11338406,W429000,0.05,2752,136.2750327,2752,136.2750327,0,0,0,0,0,0,0,0,0,0,0,0,0,200
,11338407,W436000,0.05,5600,293.9471698,5356,281.1394716872857,0,0,244,12.807698112714284,0,0,0,0,0,0,0,0,12.807698112714284,200
,11336460,W627000,0.13,0,0,0,0,0,0,0,0,0,0,0,0,0,0,0,0,0,200
,11337304,W628000,0,0,0,0,0,0,0,0,0,0,0,0,0,0,0,0,0,0,200
,11333400,W629000,0,0,0,0,0,0,0,0,0,0,0,0,0,0,0,0,0,0,200
,11337305,W631000,0,0,0,0,0,0,0,0,0,0,0,0,0,0,0,0,0,0,200
,11336461,W657000,0,0,0,0,0,0,0,0,0,0,0,0,0,0,0,0,0,0,200
,11337306,W658000,0.12,0,0,0,0,0,0,0,0,0,0,0,0,0,0,0,0,0,200
,11337307,W659000,0,0,0,0,0,0,0,0,0,0,0,0,0,0,0,0,0,0,200
,11333401,W660000,0,0,0,0,0,0,0,0,0,0,0,0,0,0,0,0,0,0,200
,11337308,W661000,0,0,0,0,0,0,0,0,0,0,0,0,0,0,0,0,0,0,200
,11337309,W662000,0.13,0,0,0,0,0,0,0,0,0,0,0,0,0,0,0,0,0,200
,11337310,W663000,0,0,0,0,0,0,0,0,0,0,0,0,0,0,0,0,0,0,200
,11336475,W671000,0.12,0,0,0,0,0,0,0,0,0,0,0,0,0,0,0,0,0,200
,11336487,W672000,0.13,0,0,0,0,0,0,0,0,0,0,0,0,0,0,0,0,0,200
,11336488,W680000,0.12,0,0,0,0,0,0,0,0,0,0,0,0,0,0,0,0,0,200
,11336476,W681000,0.13,0,0,0,0,0,0,0,0,0,0,0,0,0,0,0,0,0,200
,11336489,W682000,0.12,0,0,0,0,0,0,0,0,0,0,0,0,0,0,0,0,0,200
,11344481,W687000,0.29,0,0,0,0,0,0,0,0,0,0,0,0,0,0,0,0,0,200
,11346409,W688000,0.13,3492,0,0,0,0,0,3492,0,0,0,0,0,0,0,0,0,0,200
,11337403,W702000,0.08,9920,615.2803453,14795,1007.2773167553931,5000,399.75,125,7.753028544606854,5000,0,0,0,0,5000,399.75,0,7.753028544606854,200
,11338401,W703000,0.03,39288,1300.009777,34424,1090.063748815109,0,0,4864,160.94602818489108,0,-10000,-349,10000,300,0,-49,160.95,-0.003971815108911869,200
,11338402,W704000,0.05,8112,304.2071388,17248,784.3063784544378,10000,512.5,864,32.400760345562134,10000,0,0,0,0,10000,512.5,32.4,0.0007603455621350008,200
,11337208,X301000,0,510,0,507,0,0,0,3,0,0,0,0,0,0,0,0,0,0,200
,11337206,X302000,0,1154,0,1156,0,0,0,-2,0,0,0,0,0,0,0,0,0,0,200
,11337207,X303000,0,680,0,674,0,0,0,6,0,0,0,0,0,0,0,0,0,0,200
,11333302,Y399000,0,0,0,0,0,0,0,0,0,0,0,0,0,0,0,0,0,0,200
,11333306,Y583000,0,0,0,0,0,0,0,0,0,0,0,0,0,0,0,0,0,0,200
,11333303,Y584000,0,0,0,0,0,0,0,0,0,0,0,0,0,0,0,0,0,0,200
,11333304,Y585000,0,0,0,0,0,0,0,0,0,0,0,0,0,0,0,0,0,0,200
,11333305,Y586000,0,0,0,0,0,0,0,0,0,0,0,0,0,0,0,0,0,0,200
,11331030,Z686000,2.25,35,0,0,0,0,0,35,0,0,0,0,0,0,0,0,0,0,200
,11331901,Z687000,2.44,0,0,0,0,0,0,0,0,0,0,0,0,0,0,0,0,0,200
,11331902,Z688000,2.57,32,0,0,0,0,0,32,0,0,0,0,0,0,0,0,0,0,200
,11335803,Z690000,2.61,32,0,0,0,0,0,32,0,0,0,0,0,0,0,0,0,0,200
